id,body,to_type,NEL,Names,created_utc,sex,ethnicity,origin,DOB,highest_position,party,entity_given_name,entity_family_name,given_name_used,family_name_used,full_name_used,nickname_used,Adjectives,Verbs,Nouns,Descriptors_parsed,Verbs_parsed,Relation,Valence,Arousal,Dominance,subreddit,human_coded
e30jcsp,Me and Mrs. hyphenated are the same age.  As somebody into politics it would be a shock if She didn't know about Chappaquiddick.,t1,Q134549,['Chappaquiddick'],NA,male,Irish Americans,United States of America,1932-02-22T00:00:00Z,United States senator,Democratic Party,Moore,Kennedy,FALSE,FALSE,FALSE,TRUE,['same'],"['hyphenate', 'be', 'know']","['age', 'politic', 'shock', 'name']",[],[],['pobj'],0.514,0.4125714285714285,0.558,Conservative,0
ewnm52g,Tf am I getting downvoted for? I just said exactly what this dude said too??You are being downvoted because you appear to think you have posted a real 'gotchya' comeback by throwing Trump's campaign slogan at someone who is pointing out the hatred the Left has for our country.  Here is Pence's answer:  URL,t1,Q22686,['Trump'],NA,male,NA,United States of America,1946-06-14T00:00:00Z,President of the United States,Republican Party,Donald,Trump,FALSE,TRUE,FALSE,FALSE,"['real', 'gotchya']","['downvote', 'say', 'say', 'downvote', 'appear', 'think', 'post', 'throw', 'point', 'have']","['dude', 'comeback', 'name', 'campaign', 'slogan', 'hatred', 'country', 'answer', 'url']","['slogan', 'campaign']",['throw'],['dobj'],0.1190307692307692,0.0893538461538461,0.1170153846153846,Conservative,0
eizfgxe,"I still watch SNL, usually a couple days later on VDR.They've milked all They can out of Baldwin's Trump, and it's just the same joke over and over now. Even with the extended cast of De Niro, Stiller et al. It's like the sketches from the later Bush years when Will Farrell was long gone and they had the McGruber guy doing it. It's uncomfortable to watch, franklyWhy do I still watch? Because the non-political sketches are actually pretty funny again. e.g. this one from a couple weeks agoURLJost and Che also manage to tell political jokes that are subversively even-handed, though Cicely Strong et. al. will tell more earnest ""applause"" jokes (which is the worst trend in comedy). The other decent political joke that SNL does is the Eric/Don Jr. routine--that's actually legitimately funny",t3,Q207,['Bush'],NA,male,NA,United States of America,1946-07-06T00:00:00Z,Governor of Texas,Republican Party,George,Bush,FALSE,TRUE,FALSE,FALSE,"['same', 'extended', 'uncomfortable', 'non', '-', 'political', 'funny', 'political', 'handed', 'earnest', 'bad', 'other', 'decent', 'political', 'funny']","['watch', 'milk', 'be', 'go', 'have', 'do', 'watch', 'watch', 'manage', 'tell', 'be', 'tell', 'be', 'do']","['couple', 'day', ""vdr.they've"", 'joke', 'cast', 'sketch', 'name', 'year', 'guy', 'sketch', 'one', 'couple', 'week', 'agourljost', 'joke', 'et', 'applause', 'joke', 'trend', 'comedy', 'joke', 'routine']",['later'],[],['nmod'],0.1495868263473053,0.1138742514970059,0.1326407185628742,Conservative,0
f08ayg3,"Trump specifically said in Trump own manifesto that Trump was not. Trump predicted that the media would say Trump was and definitively stated this was not the case. Furthermore, aside from Trump immigration stance most of Trump political beliefs were far left, such as UBI.",t1,Q22686,['Trump'],NA,male,NA,United States of America,1946-06-14T00:00:00Z,President of the United States,Republican Party,Donald,Trump,FALSE,TRUE,FALSE,FALSE,"['own', 'most', 'political', 'left', 'such']","['say', 'predict', 'say', 'state']","['name', 'name', 'manifesto', 'name', 'name', 'medium', 'name', 'case', 'name', 'immigration', 'stance', 'name', 'belief']","['specifically', 'manifesto', 'own', 'medium', 'immigration']","['say', 'be', 'predict', 'say']","['dep', 'pobj', 'dep', 'dep', 'npadvmod', 'nmod', 'pobj']",0.130359375,0.09446875,0.1202187499999999,Conservative,1
e3q0xwi,"But it quotes Obama people, so it must be true.",t1,Q76,['Obama'],NA,male,African Americans,United States of America,1961-08-04T00:00:00Z,President of the United States,Democratic Party,Barack,Obama,FALSE,TRUE,FALSE,FALSE,['true'],"['quote', 'be']","['name', 'people']",['people'],['quote'],['dep'],0.6293333333333333,0.3893333333333333,0.5345000000000001,Conservative,3
ezvnp89,"Well friends....I'm squeamish about 2020....particularly given the prospects of an economic slowdown (I'm deliberately avoiding the 'r' word).  But this surely is a positive sign.My hope against hope next year is that Trump runs Trump typical hard-hitting campaign....with much use of the word ""socialism""....but without ugly/controversial statements or tweets. It's amazing how short people's memories are....and if the Prez comes off as really Presidential in the final six months of the campaign,  without the ugly tweets, etc., the Prez comes off as really Presidential in the final six months of the campaign,  without the ugly tweets, etc may gain Trump significant ground in that very small undecided middle that could tip the election Trump way. The one way to keep the Dems on the defensive throughout the campaign is to ceaselessly hammer away at the Dems socialist platform until the un-deciders start to feel ""better the devil you know"". But this requires an ability to avoid generating un-needed controversy that would distract from the message....and that requires discipline - not Trump's strong suit. But this certainly can be done.",t3,Q22686,['Trump'],NA,male,NA,United States of America,1946-06-14T00:00:00Z,President of the United States,Republican Party,Donald,Trump,FALSE,TRUE,FALSE,FALSE,"['economic', 'positive', 'next', 'typical', 'much', 'ugly', 'controversial', 'amazing', 'short', 'presidential', 'final', 'ugly', 'presidential', 'final', 'ugly', 'significant', 'small', 'undecided', 'socialist', 'un', 'well', 'un', '-', 'strong']","['squeamish', 'give', 'avoid', 'run', 'hit', 'come', 'come', 'gain', 'tip', 'keep', 'hammer', 'start', 'feel', 'know', 'require', 'avoid', 'generate', 'need', 'distract', 'require', 'do']","['friend', ""I'm"", 'prospect', 'slowdown', 'r', 'word', 'sign', 'hope', 'hope', 'year', 'name', 'name', 'campaign', 'use', 'word', 'statement', 'tweet', 'people', 'memory', 'month', 'campaign', 'tweet', 'month', 'campaign', 'tweet', 'name', 'ground', 'middle', 'election', 'name', 'way', 'way', 'defensive', 'campaign', 'platform', 'decider', 'devil', 'ability', 'controversy', 'message', 'discipline', 'name', 'suit']","['significant', 'strong']",['run'],"['dep', 'appos', 'nmod', 'appos', 'nmod']",0.1658227848101266,0.1350506329113924,0.1589029535864979,Conservative,1
e7s3ccd,You really want Kanye the as the celebrity beacon of conservatism?Easy with the extremes there.We just want Kanye the as the celebrity beacon of conservatism to be able to think whatever Kanye the as the celebrity beacon of conservatism wants and express Kanye the as the celebrity beacon of conservatism without receiving a torrent of vitriol for it. Doesn't seem unreasonable to me.,t1,Q15935,['Kanye'],NA,male,African Americans,United States of America,1977-06-08T00:00:00Z,NA,independent politician,Kanye,West,TRUE,FALSE,FALSE,FALSE,"['able', 'unreasonable']","['want', 'want', 'be', 'think', 'want', 'express', 'receive', 'seem']","['name', 'celebrity', 'beacon', 'extreme', 'name', 'celebrity', 'beacon', 'conservatism', 'name', 'celebrity', 'beacon', 'conservatism', 'name', 'celebrity', 'beacon', 'conservatism', 'torrent', 'vitriol']","['really', 'just']","['want', 'want', 'think', 'express']","['dep', 'dep', 'ccomp', 'dobj']",0.6023999999999999,0.4710799999999999,0.59428,Conservative,0
f20040i,Went and looked on The\Donald and it's still a cesspool (shocker there). The first thing I saw was how Trump loyalists were all claiming that 60 minutes apparently lied or some shit like that. Not she sharpest tools in the shed.,t3,Q22686,['Trump'],NA,male,NA,United States of America,1946-06-14T00:00:00Z,President of the United States,Republican Party,Donald,Trump,FALSE,TRUE,FALSE,FALSE,"['first', 'sharp']","['go', 'look', 'be', 'see', 'claim', 'lie']","['cesspool', 'shocker', 'thing', 'name', 'loyalist', 'minute', 'shit', 'tool', 'shed']",[],[],['nmod'],0.0824897959183673,0.0953061224489796,0.094734693877551,Liberal,0
eeejjg7,Kind of like how the Democrats demanded an investigation into Kavanaugh? Cause that turned out so well. /S,t3,Q4962244,['Kavanaugh'],NA,male,NA,United States of America,1965-02-12T00:00:00Z,Judge of the United States Court of Appeals for the D.C. Circuit,Republican Party,Brett,Kavanaugh,FALSE,TRUE,FALSE,FALSE,[],"['demand', 'cause', 'turn']","['investigation', 'name']",[],[],['pobj'],0.64,0.3993333333333333,0.5613333333333334,Liberal,1
e69w9bg,"Yep, Trump wanted to assassinate the whole Syrian government plus Assad with one strike according to Woodward\'s book \'Fear""",t3,Q22686,['Trump'],NA,male,NA,United States of America,1946-06-14T00:00:00Z,President of the United States,Republican Party,Donald,Trump,FALSE,TRUE,FALSE,FALSE,"['whole', 'syrian']","['want', 'assassinate', 'accord']","['name', 'government', 'strike', 'book', ""\\'fear""]",[],['want'],['dep'],0.4741428571428572,0.4955714285714285,0.5865714285714286,Liberal,3
e70vfme,"going to try to see what other news outlets are saying and add to the timeline\n\nThe Brett Kavanaugh Nomination TimelineURL\n\nJune 27 : Anthony Kennedy retiring from Supreme Court\n\nJuly 07 : Brett Kavanaugh makes it on the Short List\n\nJuly 09 : Trump taps federal appeals court Judge Brett Kavanaugh for Supreme Court\n\nJuly 30 : Prof. Ford sends letter accusing Brett Kavanaugh of sexual assault.\n\nAug 22 : Democrats call for halt of Brett Kavanaugh nomination in light of Cohen, Manafort news\n\nSep 01 : Trump Administration Withholds 100K Pages Of Brett Kavanaugh’s Records\n\nSep 04 : Brett Kavanaugh nomination hearings begin\n\nSep 12 : Letter with accusation is added to Brett Kavanaugh background file\n\nSep 14 : Letter about Sexual Assault Allegations released against Brett Kavanaugh\n\nSep 16 : Name of Alleged Victim of Sexual Assault Released\n\nSep 19 : Prof. Ford Ford ask for FBI Investigation before testimony\n\nSep 24 : 2nd Woman, Deborah Ramirez, accuses Brett Kavanaugh of sexual assault\n\nSep 26 : 3rd Woman, Julie Swetnick, accuses Brett Kavanaugh of sexual assault\n\nSep 27 : Prof. Ford and Brett Kavanaugh testify about alleged sexual assault. \n\nSep 28 : Senator Flake, the swing vote, votes to pass nomination to full Senate but ask for FBI investigation.\n\nSep 29 : FBI investigation into allegations against Brett Kavanaugh begins.\n\nSep 30 : Deborah Ramirez provides names of potential witnesses to FBI",t3,Q11171,['Anthony Kennedy'],NA,male,Irish people,United States of America,1936-07-23T00:00:00Z,Judge of the United States Court of Appeals for the Federal Circuit,Republican Party,Anthony,Kennedy,FALSE,FALSE,TRUE,FALSE,"['other', 'federal', 'sexual', 'sexual', 'sexual', 'sexual', 'full', 'potential']","['go', 'try', 'see', 'say', 'add', 'retire', 'make', 'tap', 'send', 'accuse', 'call', 'withhold', 'add', 'release', 'allege', 'ask', 'accuse', 'accuse', 'testify', 'allege', 'vote', 'pass', 'ask', 'provide']","['news', 'outlet', 'name', 'trump', 'appeal', 'court', 'letter', 'halt', 'nomination', 'light', 'nomination', 'hearing', 'letter', 'accusation', 'background', 'letter', 'name', 'assault', 'assault', 'swing', 'vote', 'nomination', 'investigation', 'allegation', 'name', 'witness']",[],['retire'],['dep'],0.53290625,0.5418437499999997,0.5721250000000002,Liberal,0
eztwjru,"John Bolton didn't fire John Bolton. Last night, John Bolton told trump John Bolton'd tender John Bolton resignation tomorrow (today). That was just enough time for the megalomaniac to tweet about how John Bolton fired John Bolton. Today, the headlines read ""Trump Fires Bolton"".",t3,Q311269,['John Bolton'],NA,male,NA,United States of America,1948-11-20T00:00:00Z,Under Secretary of State for Arms Control and International Security Affairs,Republican Party,John Robert,Bolton,FALSE,FALSE,FALSE,TRUE,"['last', 'enough']","['fire', 'tell', 'tweet', 'fire', 'read']","['name', 'name', 'night', 'name', 'trump', 'tender', 'name', 'resignation', 'tomorrow', 'today', 'time', 'megalomaniac', 'name', 'name', 'today', 'headline', 'fire']","['night', 'last', 'resignation', 'trump', 'tender', 'name', 'tomorrow', 'today', 'trump', 'tender', 'time', 'enough', 'how']","['fire', 'tell', 'be', 'fire']","['dep', 'dep', 'dep', 'nmod', 'dep', 'dep']",0.178327868852459,0.1212131147540983,0.1480655737704918,Liberal,1
eh1elie,"“When the government gives information to victims, it cannot be misleading,” he wrote.“Investigators found that from 1999 to 2005, Mr. Epstein, a former hedge fund manager with powerful friends, including President Trump and former President Bill Clinton, lured girls as young as 14 or 15 years old into his mansions in Palm Beach, New York and the Virgin Islands. his paid girls as young as 14 or 15 years old cash to engage in nude massages, masturbation and oral sex. In some instances, his asked girls to recruit other girls into his sex ring, the accusers told police.”",t3,Q1124,['Bill Clinton'],NA,male,white people,United States of America,1946-08-19T00:00:00Z,Attorney General of Arkansas,Democratic Party,Bill,Clinton,FALSE,FALSE,TRUE,FALSE,"['misleading', 'former', 'powerful', 'former', 'young', 'old', 'young', 'old', 'nude', 'oral', 'other']","['give', 'be', 'write', 'find', 'include', 'lure', 'pay', 'engage', 'ask', 'recruit', 'tell']","['government', 'information', 'victim', '“investigator', 'hedge', 'fund', 'manager', 'friend', 'name', 'girl', 'year', 'mansion', 'girl', 'year', 'cash', 'massage', 'masturbation', 'sex', 'instance', 'girl', 'girl', 'sex', 'ring', 'accuser', 'police']",['former'],[],['appos'],0.2088305084745763,0.1708389830508474,0.1869237288135593,Liberal,3
eacfuqq,"Arguably, yes. Usefully, maybe not. People get defensive when you attack People directly, and there is maybe only 20-30% that are fully on the Trump train through thick and thin. There are a fair number of republicans, my in-laws among People who fully regret and did not expect Trump to be as bad as Trump actually is. Sure, People SHOULD have know, but that’s a whole nother topic. The result of 2018 shows the waters changing current, chaining the disgust of Trump firmly with the Republican Party as a whole gives voters a better picture of what voters vote actually means. Most moderates see the issues with Trump by hand waving voters and thinking the party voters have voted for is the same one voters have voted for since the 90s, and that congress will keep him mostly grounded. That isn’t the case and hasn’t been. Media and also how engaged voters are in keeping track of politics also plays a part. People who barely engage in politics and only vote R for random single issues or personality or “tells it like it is” ect aren’t going to dialogue back when you tell People who barely engage in politics and only vote R for random single issues or personality or “ , “you fucked up.”I’d also point out that congress is in the position and actually has the responsibility to check the executive. Something that they have repeatedly ignored and have actively engaged in willful ignorance or straight coverup. they are more equal partners in this mess.Edit: forgive my rambling. I just really enjoyed your question.",t1,Q22686,['Trump'],NA,male,NA,United States of America,1946-06-14T00:00:00Z,President of the United States,Republican Party,Donald,Trump,FALSE,TRUE,FALSE,FALSE,"['defensive', 'thick', 'thin', 'fair', 'bad', 'whole', 'current', 'well', 'Most', 'same', 'engaged', 'only', 'random', 'single', 'only', 'random', 'single', 'willful', 'straight', 'equal']","['get', 'attack', 'be', 'be', 'train', 'regret', 'expect', 'be', 'be', 'know', '’', 'show', 'change', 'chain', 'give', 'vote', 'mean', 'see', 'wave', 'think', 'vote', 'vote', 'keep', 'ground', 'be', 'keep', 'play', 'engage', 'tell', 'go', 'dialogue', 'tell', 'engage', 'fuck', 'point', 'have', 'check', 'ignore', 'engage', 'forgive', 'enjoy']","['People', 'People', '%', 'name', 'number', 'republican', 'in', 'law', 'People', 'name', 'name', 'People', 'nother', 'topic', 'result', 'water', 'disgust', 'name', 'whole', 'voter', 'picture', 'voter', 'moderate', 'issue', 'name', 'hand', 'voter', 'party', 'voter', 'voter', '90', 'congress', 'case', 'medium', 'voter', 'track', 'politic', 'part', 'People', 'politic', 'vote', 'r', 'issue', 'personality', 'ect', 'People', 'politic', 'vote', 'r', 'issue', 'personality', 'congress', 'position', 'responsibility', 'executive', 'ignorance', 'coverup', 'partner', 'mess', 'edit', 'rambling', 'question']",[],"['train', 'expect']","['nmod', 'dobj', 'pobj', 'pobj', 'pobj']",0.5830000000000001,0.4435204081632652,0.5574387755102037,Liberal,1
eurhn7k,Trump doesnt know what deals are beneficial to americans,t1,Q22686,['Trump'],NA,male,NA,United States of America,1946-06-14T00:00:00Z,President of the United States,Republican Party,Donald,Trump,FALSE,TRUE,FALSE,FALSE,['beneficial'],['know'],"['name', 'deal', 'american']",[],['know'],['dep'],0.1798333333333333,0.1033333333333333,0.1518333333333333,Libertarian,1
exg64pp,"Is not what the government decides is bad, is just a bad ideology and what is even worse is that we are letting history repeat the government, by giving this populist bunch a way to feed out of people ignorance, i don’t know how much you know about Italian politics, but I can tell you the government’s a huge mess and salvini is trying to pull his take on the coup d’etatEdit: today the government collapsed because of salvini, letthe government se how things will develop",t1,Q1055449,['salvini'],NA,male,NA,Italy,1973-03-09T00:00:00Z,member of the Chamber of Deputies of the Italian Republic,Us with Salvini,Matteo,Salvini,FALSE,FALSE,FALSE,TRUE,"['bad', 'bad', 'bad', 'populist', 'much', 'italian', 'huge', 'letthe']","['be', 'decide', 'be', 'be', 'let', 'repeat', 'give', 'feed', 'know', 'know', 'tell', '’', 'try', 'pull', 'collapse', 'develop']","['government', 'ideology', 'history', 'government', 'bunch', 'way', 'people', 'ignorance', 'politic', 'government', 'mess', 'name', 'take', 'coup', 'today', 'government', 'name', 'government', 'thing']","['government', 'mess', 'huge', 'government']",['’'],"['conj', 'pobj']",0.1786428571428571,0.1665102040816326,0.1985204081632653,Libertarian,2
ehgmxl5,Possibly given that republicans nominated Trump (the primary system is far more destructive than anything the electoral college has been accused of). republicans probably won’t be winning the electoral vote for the same reason.,t1,Q22686,['Trump'],NA,male,NA,United States of America,1946-06-14T00:00:00Z,President of the United States,Republican Party,Donald,Trump,FALSE,TRUE,FALSE,FALSE,"['primary', 'destructive', 'electoral', 'electoral', 'same']","['give', 'nominate', 'accuse', 'win']","['republican', 'name', 'system', 'college', 'republican', 'vote', 'reason']",['possibly'],['give'],['pobj'],0.1749512195121951,0.1612682926829268,0.1998536585365853,Libertarian,1
ela9duh,"Because to have a system, varying by the area you live in, that depends on the wealth of the people around it, will eventually become a ghetto.If there's Low wealth - low investment into the community's available services - lower income -etc.The idea that a small rural community would just be able to rig up every required service is naive. Lighting, electricity, roads, gas, oil, water, housing, communications, transport (to some extent, depending on the area), sewage, waste disposal, etc. Can not be handled by a handful of people with gofundme. There is no company that would allow no company that would allow itself to be robbed of profit to that extent to be robbed of profit to that extent. Much less that that handful of people not only have he expertise to carry out all this but also will voluntarily take time off that handful of people jobs to build a road instead of make money that handful of people.Taxes benefits everyone to the same extent (when it comes to universally-used services like these, niche needs can be effectively provided by insurance or personal financing, etc.) and ensure an even playing field. Voluntary funding by private individuals creates an ever-increasingimbalance between geographical areas.Also, notice how Trump's wall isn't practically being funded by GoFundMe? Btw, such a project is not one for a community of 12 people. Trump's wall would be a national-level project.No one would pay for a gofundme for a water supply for John Arbuckle in the asshole of Nebraska. And 100s of 1000s like him.Reply again if you want, I can't reply for a bit now.",t1,Q22686,['Trump'],NA,male,NA,United States of America,1946-06-14T00:00:00Z,President of the United States,Republican Party,Donald,Trump,FALSE,TRUE,FALSE,FALSE,"['low', 'low', 'available', 'low', 'small', 'rural', 'able', 'naive', 'less', 'same', 'personal', 'even', 'voluntary', 'private', 'geographical', 'national']","['have', 'vary', 'live', 'depend', 'become', 'be', 'rig', 'require', 'depend', 'handle', 'allow', 'allow', 'rob', 'rob', 'have', 'carry', 'take', 'build', 'make', 'benefit', 'come', 'use', 'provide', 'ensure', 'play', 'create', 'notice', 'fund', 'be', 'pay', 'reply', 'want', 'reply']","['system', 'area', 'wealth', 'people', 'ghetto', 'wealth', 'investment', 'community', 'service', 'income', 'idea', 'community', 'service', 'lighting', 'electricity', 'road', 'gas', 'oil', 'water', 'housing', 'communication', 'transport', 'extent', 'area', 'sewage', 'waste', 'disposal', 'handful', 'people', 'gofundme', 'company', 'company', 'profit', 'extent', 'profit', 'extent', 'handful', 'people', 'expertise', 'time', 'handful', 'people', 'job', 'road', 'money', 'handful', 'people', 'taxis', 'extent', 'service', 'niche', 'need', 'insurance', 'financing', 'field', 'funding', 'individual', 'increasingimbalance', 'area', 'name', 'wall', 'project', 'community', 'people', 'name', 'wall', 'level', 'project', 'gofundme', 'water', 'supply', 'asshole', '100', 'bit']","['how', 'wall', 'practically', 'wall', 'project', 'level']","['fund', 'be']","['nsubjpass', 'dep']",0.2229154078549848,0.1434229607250755,0.19214501510574,Libertarian,1
f6n4dbb,"On actual fiscal responsibility with balanced budgets? I mean yeah sureGuess what, Bernie Sanders didn't vote against the latest increase in spending, while Rand Paul did. You are such a hypocrite. You blame Rand Paul for increasing the deficit by voting to cut taxes, but somehow that is worse than Bernie Sanders not voting against increasing spending AFTER the tax cuts already were a fact.",t1,Q359442,['Bernie Sanders'],NA,male,Jewish people,United States of America,1941-09-08T00:00:00Z,"Mayor of Burlington, Vermont",Liberty Union Party,Bernard,Sanders,FALSE,FALSE,FALSE,TRUE,"['actual', 'fiscal', 'balanced', 'late', 'bad']","['mean', 'vote', 'do', 'blame', 'increase', 'vote', 'cut', 'be', 'vote', 'increase', 'be']","['responsibility', 'budget', 'name', 'increase', 'spending', 'hypocrite', 'deficit', 'taxis', 'name', 'spending', 'tax', 'cut', 'fact']",[],['vote'],"['dep', 'pobj']",0.1295866666666666,0.13464,0.1465733333333333,Libertarian,0
een4igw,"Unfortunately for LA minorities, Reagan 'disarmed' California to spite LA minorities.",t1,Q9960,['Reagan'],NA,male,Americans,United States of America,1911-02-06T00:00:00Z,President-elect of the United States,Republican Party,Ronald,Reagan,FALSE,TRUE,FALSE,FALSE,[],"['disarm', 'spite']","['minority', 'name', 'minority']",[],['disarm'],['dep'],0.2523333333333333,0.4646666666666667,0.3376666666666666,Libertarian,2
e6a9sj7,"How would full declassification of documents that might show systematic corruption in an unconstitutional court be cherry picked to just help Trump.  And how would making more Russian investigation documents public help Trump if Trump's actually guilty?   That's like a bank robber demanding cops to search their house, it's the opposite of helpful.",t1,Q22686,['Trump'],NA,male,NA,United States of America,1946-06-14T00:00:00Z,President of the United States,Republican Party,Donald,Trump,FALSE,TRUE,FALSE,FALSE,"['full', 'systematic', 'unconstitutional', 'more', 'russian', 'public', 'guilty', 'helpful']","['show', 'pick', 'help', 'make', 'be', 'demand', 'search']","['declassification', 'document', 'corruption', 'court', 'cherry', 'name', 'investigation', 'document', 'help', 'name', 'name', 'bank', 'robber', 'cop', 'house', 'opposite']","['just', 'how', 'document', 'investigation', 'help', 'public', 'guilty', 'actually']","['help', 'make', 'be']","['dobj', 'parataxis', 'dep']",0.5243103448275862,0.4633793103448276,0.5491379310344826,Libertarian,3
ekjz124,"poor old Joe Biden', 'Joe is on a whole different level. Stroking and smelling women’s hair...creepy Joe Biden', 'Joe",t1,Q6279,"['Joe Biden', 'Joe']",NA,male,NA,United States of America,1942-11-20T00:00:00Z,President of the United States,Democratic Party,Joe,Biden,TRUE,FALSE,TRUE,FALSE,"['poor', 'old', 'whole', 'different', 'creepy']","['stroke', 'smell']","['name', 'level', 'woman', 'hair', 'name']","['poor', 'old', 'creepy']",['be'],"['nsubj', 'ROOT']",0.2071304347826086,0.1649130434782608,0.1641739130434782,MensRights,2
e6w86nr,Clarence Thomas took three days. Let’s stop the shit and admit why you really don’t want the investigation. the investigation’s an obvious tell.,t1,Q11142,['Clarence Thomas'],NA,male,African Americans,United States of America,1948-06-23T00:00:00Z,Judge of the United States Court of Appeals for the D.C. Circuit,Republican Party,Clarence,Thomas,FALSE,FALSE,TRUE,FALSE,['obvious'],"['take', 'let', 'stop', 'admit', 'want', '’']","['name', 'day', 'shit', 'investigation', 'investigation', 'tell']",['day'],['take'],['dep'],0.5041666666666667,0.4640833333333334,0.5305,MensRights,3
e74j441,It's too bad she has to resort to ppl like Beck to get exposure. That guy has so much baggage that That guy credibility is dented.,t3,Q310618,['Beck'],NA,male,NA,United States of America,1964-02-10T00:00:00Z,NA,Republican Party,Glenn,Beck,FALSE,TRUE,FALSE,FALSE,"['bad', 'much']","['have', 'resort', 'get', 'have', 'dent']","['ppl', 'name', 'exposure', 'guy', 'baggage', 'guy', 'credibility']",[],[],['pobj'],0.5951000000000001,0.4667,0.5490999999999999,MensRights,0
eppmf2g,"Oh you mean NOW, decades after feminists have ruined Western society, and NOW that someone like Trump is in office, NOW, after American white births have dropped way below replacement levels, NOW, finally, many years after 'Jane Roe' admitted lying about being raped in Wade V Roe, 2 whole states have said no to the idea of women being able to just kill the unborn inside women, if women just feel like it?Tell me, if men control the system, how come men have ZERO post-sex reproductive choice? Show me ANY law written by all these male politicians, ANY that benefits men at women's expense, this last year?5 years?This decade?In the last 50 years?No. Feminism/Marxism, coupled with White Knight faggotry, is very much in charge.",t1,Q22686,['Trump'],NA,male,NA,United States of America,1946-06-14T00:00:00Z,President of the United States,Republican Party,Donald,Trump,FALSE,TRUE,FALSE,FALSE,"['western', 'american', 'white', 'many', 'whole', 'able', 'unborn', 'post', '-', 'sex', 'reproductive', 'male', 'last', 'last']","['mean', 'ruin', 'drop', 'admit', 'lie', 'rape', 'say', 'be', 'kill', 'feel', 'control', 'come', 'have', 'show', 'write', 'benefit', 'couple']","['decade', 'feminist', 'society', 'name', 'office', 'birth', 'replacement', 'level', 'year', 'state', 'idea', 'woman', 'woman', 'woman', 'man', 'system', 'man', 'choice', 'law', 'politician', 'man', 'woman', 'expense', 'years?no', 'faggotry', 'charge']",[],[],['pobj'],0.1809801324503311,0.138933774834437,0.1761456953642384,MensRights,2
e2eszzw,"A. Trudeau is a clown.\n\nB. I don\'t agree with the premise that pornography is tantamount to ""sexual abuse"".\n\nOne might even make the argument that pornography prevents many men from harassing women in real life.\n\nProstitution is the oldest profession for a reason.  Prostitution will always exist. \n\nAs long as somebody is willing to pay for Prostitution, and as long as somebody else is willing to do Prostitution for money, Prostitution will exist.\n\nIs the porno industry perfect?  Probably far from the porno industry.  I\'m sure there are many nefarious aspects to the porno and/or prostitution industry.  That is certainly unfortunate.  \n\nBut is it exploitation?  Hard to say.  More than likely that depends on the person.  \n\nOne thing that makes me bristle is when women suggest that porno is somehow ""bad"".  This bothers me.  This indicates to me the level of how women do not understand men, yet feel at ease speaking for men.  This bothers me.\n\nWho am I to discuss a woman\'s period for example?  \n\nI truly find it an apt comparison.  Feminists simply do not understand the male sexual necessity.  Feminists might even mock this concept.  But when you think about this concept biologically in a reproductive sense.  Women have a menstrual cycle, in order for the species to propagate.  Men have a sexual necessity, for the same reason.",t3,Q8619,['Trudeau'],NA,male,NA,Canada,1919-10-18T00:00:00Z,leader of the Liberal Party of Canada,Liberal Party of Canada,Elliott,Trudeau,FALSE,TRUE,FALSE,FALSE,"['tantamount', 'sexual', 'many', 'real', 'old', 'willing', 'willing', 'perfect', 'sure', 'many', 'nefarious', 'unfortunate', 'hard', 'More', 'likely', 'bad', 'apt', 'male', 'sexual', 'reproductive', 'menstrual', 'sexual', 'same']","['agree', 'be', 'make', 'prevent', 'harass', 'exist', 'be', 'pay', 'be', 'do', 'say', 'depend', 'make', 'suggest', 'bother', 'indicate', 'understand', 'feel', 'speak', 'bother', 'discuss', 'find', 'understand', 'mock', 'think', 'have', 'propagate', 'have']","['a.', 'name', ""don\\'t"", 'premise', 'pornography', 'argument', 'pornography', 'man', 'woman', 'profession', 'reason', 'prostitution', 'money', 'porno', 'industry', 'porno', 'industry', 'aspect', 'porno', 'prostitution', 'industry', 'exploitation', 'person', 'thing', 'bristle', 'woman', 'porno', 'level', 'woman', 'man', 'ease', 'man', 'period', 'example', 'comparison', 'feminist', 'necessity', 'feminist', 'concept', 'concept', 'sense', 'woman', 'cycle', 'order', 'specie', 'man', 'necessity', 'reason']",[],[],['parataxis'],0.5547831325301206,0.5337590361445784,0.5856144578313254,MensRights,1
ei7rphc,"Um, same sex couples are. Just look at black fatherlessness vs crime rate. Anything to destroy the idea of traditional marriage and child rearing, right?You imply that we are bigots for upvoting terry crews, but default subs like the politics sub will upvote posts (to over 40K) about Hillary Clinton, who literally referred to young black men as “super predators”. Take a look at the sub counts and up votes of each subreddit and tell me where the real bigotry problem lies.",t1,Q6294,['Hillary Clinton'],NA,female,NA,United States of America,1947-10-26T00:00:00Z,First Lady of the United States,Democratic Party,Hillary,Clinton,FALSE,FALSE,TRUE,FALSE,"['same', 'black', 'traditional', 'young', 'black', 'super', 'real']","['look', 'destroy', 'imply', 'upvote', 'upvote', 'refer', 'take', 'tell', 'lie']","['sex', 'couple', 'fatherlessness', 'crime', 'rate', 'idea', 'marriage', 'child', 'rearing', 'bigot', 'terry', 'crew', 'default', 'sub', 'politic', 'sub', 'post', 'k', 'name', 'man', 'predator', 'look', 'sub', 'count', 'vote', 'subreddit', 'bigotry', 'problem']",[],[],['pobj'],0.1673020833333333,0.1518958333333333,0.1675520833333333,MensRights,2
fc8h2ic,"I've been saying the same on /r/ukpolitics about the Conservatives. The Labour leader Jeremy Corbyn got eviscerated in an interview before the election about a Labour policy to borrow tens of billions of pounds to give early retirements and state pensions to women because treating the same as men is apparently ""unfair"".men think that if men manage to silence people by publicly shaming men and screaming ""Racist!"" and ""Sexist!"" men've also managed to convince men that men're right when the opposite is probably the case.You can silence people, you can cancel people, but you can't stop people from voting.",t1,Q291169,['Jeremy Corbyn'],NA,male,NA,United Kingdom,1949-05-26T00:00:00Z,Member of the 58th Parliament of the United Kingdom,Labour Party,Jeremy,Corbyn,FALSE,FALSE,TRUE,FALSE,"['same', 'early', 'same', 'sexist']","['say', 'eviscerate', 'borrow', 'give', 'treat', 'be', 'think', 'manage', 'silence', 'shame', 'scream', 'manage', 'convince', 'be', 'silence', 'cancel', 'stop', 'vote']","['ukpolitic', 'leader', 'name', 'interview', 'election', 'policy', 'ten', 'billion', 'pound', 'retirement', 'state', 'pension', 'woman', 'man', 'man', 'people', 'man', 'racist', ""men've"", 'man', ""men're"", 'opposite', 'case', 'people', 'people', 'people']",[],[],['appos'],0.1391794871794871,0.1245128205128205,0.1393675213675213,MensRights,2
ejfnqpw,"and yell “This is MAGA country!”... in Chicago. I'm fairly certain that if these two racist Trump supporters exist, which these two racist Trump supporters don't, these two racist Trump supporters're the only two Trump supporters in the entire city.",t1,Q22686,['Trump'],NA,male,NA,United States of America,1946-06-14T00:00:00Z,President of the United States,Republican Party,Donald,Trump,FALSE,TRUE,FALSE,FALSE,"['certain', 'racist', 'racist', 'only', 'entire']","['yell', 'be', 'exist', 'do']","['country', 'name', 'supporter', 'name', 'supporter', 'racist', 'name', 'name', 'supporter', 'city']",['only'],[],"['nmod', 'nmod', 'appos', 'nmod']",0.2137068965517241,0.1647241379310345,0.1999999999999999,Republican,0
eof8ab1,Ahhh President Obama did everything in President Obama power to resist subpoenas with President Obama ordering every department to drag every department feet in the Fast and Furious scandal as well ad the handling of Benghazi. God knows how many other things God obstructed because God clearly wasnt transparent like God said God would do. Trump allows everything to be viewed by investigators but clearly God must of broken the laws! Get the fuck out of here with your two face bullshit. There arent two sets of rules for Democrats and everybody else. Tax returns were only released in the last 40 years with not every single candidate president releasing Tax returns tax returns for the past ten years.,t1,Q22686,['Trump'],NA,male,NA,United States of America,1946-06-14T00:00:00Z,President of the United States,Republican Party,Donald,Trump,FALSE,TRUE,FALSE,FALSE,"['fast', 'furious', 'many', 'other', 'transparent', 'last', 'single', 'past']","['do', 'resist', 'order', 'drag', 'know', 'obstruct', 'be', 'say', 'do', 'allow', 'view', 'break', 'get', 'release', 'release']","['power', 'subpoena', 'department', 'department', 'foot', 'scandal', 'ad', 'handling', 'thing', 'name', 'investigator', 'law', 'fuck', 'face', 'bullshit', 'set', 'rule', 'tax', 'return', 'year', 'candidate', 'president', 'tax', 'return', 'tax', 'return', 'year']",[],['allow'],['dep'],0.1903720930232558,0.1700542635658914,0.2069922480620153,Republican,3
e98018o,Unbelievable that someone as wacky as Gillum can even run for Governor.,t3,Q4757092,['Gillum'],NA,male,African Americans,United States of America,1979-07-26T00:00:00Z,mayor,Florida Democratic Party,Andrew,Gillum,FALSE,TRUE,FALSE,FALSE,"['unbelievable', 'wacky']",['run'],['name'],[],[],['pobj'],0.5335,0.6066666666666666,0.5640000000000001,Republican,1
ejlag71,buzzfeed has to go through redactions as per the law. Yes after that the report will come out. But the idea we can't celebrate the fact that Trump had been vindicated as Trump did not collude with Russia is very easy at this point. The mentally ill and just plain stupid will continue to cling to any hope that Trump is a Russian asset but I don't care about he did not collude with Russia nor will I hold back on laughing in he did not collude with Russia face.,t1,Q22686,['Trump'],NA,male,NA,United States of America,1946-06-14T00:00:00Z,President of the United States,Republican Party,Donald,Trump,FALSE,TRUE,FALSE,FALSE,"['easy', 'ill', 'stupid', 'russian']","['have', 'go', 'come', 'celebrate', 'vindicate', 'collude', 'continue', 'cling', 'be', 'care', 'collude', 'hold', 'laugh', 'collude']","['redaction', 'law', 'report', 'idea', 'fact', 'name', 'name', 'point', 'hope', 'name', 'asset', 'face']","['asset', 'russian']","['vindicate', 'be']","['nsubjpass', 'pobj', 'dep']",0.1738627450980392,0.117735294117647,0.1529117647058823,Republican,3
e423f6i,"Uh there are people outspokenly supporting hitler and neonazis have been a thing for years. I understand that you're saying that there are not really any nazis, but I think there are not really any nazis're still given a spotlight any time an doofus with a swatstika tat wants to run for a political role.Pretending that Trump is a nazi is stupid, but that doesn't mean nazi sympathisers don't exist in the US.Trump could probably do a lot better to articulate Trump when Trump wants to speak to Trump critics, but that wouldn't be a very Trump way of speaking. Plus I stand by my oppinion that twitter is a terrible medium for political discourse because while it's great for selling one liners, it's very difficult to elaborate on anything when all someone needs to do is retweet a single tweet.Also it's not about whether or not there are genetic differences and more about whether or not it's okay to harass someone about their looks or background (It's not). Plus some of the things we chalk up to nature can also or alternatively be attributed to nurture as well. For instance Kenyan runners, according to PBS instance Kenyan runners actually do a bunch of stuff to instance Kenyan runners kids to make instance Kenyan runners pain tolerant, even though instance Kenyan runners probably also got legs better fit for running long distances. I assume someone who raised their kid the same way would probably have a pretty good runner, but also have a visit from child protection services.URL",t1,Q22686,['Trump'],NA,male,NA,United States of America,1946-06-14T00:00:00Z,President of the United States,Republican Party,Donald,Trump,FALSE,TRUE,FALSE,FALSE,"['political', 'stupid', 'well', 'terrible', 'political', 'great', 'difficult', 'single', 'genetic', 'more', 'okay', 'kenyan', 'kenyan', 'kenyan', 'kenyan', 'tolerant', 'kenyan', 'fit', 'long', 'same', 'good']","['support', 'be', 'understand', 'say', 'think', 'give', 'want', 'run', 'pretend', 'mean', 'exist', 'do', 'articulate', 'want', 'speak', 'be', 'speak', 'stand', 'be', 'sell', 'be', 'elaborate', 'need', 'do', 'retweet', 'be', 'be', 'harass', 'be', 'chalk', 'attribute', 'nurture', 'accord', 'do', 'instance', 'make', 'pain', 'get', 'run', 'assume', 'raise', 'have', 'have']","['people', 'hitler', 'neonazi', 'thing', 'year', 'nazi', 'spotlight', 'time', 'doofus', 'swatstika', 'tat', 'role', 'name', 'nazi', 'nazi', 'sympathiser', 'us.[name', 'lot', 'name', 'name', 'name', 'critic', 'name', 'way', 'oppinion', 'twitter', 'medium', 'discourse', 'liner', 'tweet', 'difference', 'look', 'background', 'thing', 'nature', 'instance', 'runner', 'instance', 'runner', 'bunch', 'stuff', 'runner', 'kid', 'instance', 'runner', 'instance', 'runner', 'leg', 'distance', 'kid', 'way', 'runner', 'visit', 'child', 'protection', 'service', 'url']","['nazi', 'probably', 'well', 'lot', 'when', 'critic', 'very']","['be', 'do', 'want']","['dep', 'dep', 'dep', 'pobj', 'nmod']",0.5860243902439024,0.4328292682926828,0.5142926829268292,Republican,2
evyi1al,"Me neither, but the entire aim of the extreme left, is that there were people like al Qaeda, Hitler, Mussolini, david Duke etc. Who were obvious leaders and formed under one group name while being in different cities, states and sometimes countries. being in different cities, states and sometimes countries claim that antifa cannot be considered because it does not have 1 head figure, that there is no exact list of those arrested who are in antifa and so on. Which is stupid and at this point dangerous. Because if people are okay with violent, racist, free speech hating people who cover people face much like the KKK and are almost patrolling the streets..... then we are in trouble. The extreme left and all other forms of terrorism, domestic or foreign need to be stopped",t1,Q163042,['david Duke'],NA,male,NA,United States of America,1950-07-01T00:00:00Z,member of the Louisiana House of Representatives,Populist Party,David,Duke,FALSE,FALSE,FALSE,TRUE,"['entire', 'extreme', 'obvious', 'different', 'different', 'exact', 'stupid', 'dangerous', 'okay', 'violent', 'racist', 'free', 'extreme', 'other', 'domestic', 'foreign']","['form', 'be', 'be', 'claim', 'consider', 'have', 'arrest', 'be', 'hate', 'cover', 'face', 'patrol', 'stop']","['aim', 'left', 'people', 'name', 'leader', 'group', 'name', 'city', 'state', 'country', 'city', 'state', 'country', 'antifa', 'head', 'figure', 'list', 'antifa', 'point', 'people', 'speech', 'people', 'people', 'street', 'trouble', 'left', 'form', 'terrorism', 'need']",['people'],['be'],['attr'],0.1459675324675325,0.1352142857142857,0.1458181818181818,Republican,0
emk8kw8,End term limits and give President Trump life extension technology. The President has set the bar extremely high. The President needs to be our president as long as possible.,t3,Q22686,['Trump'],NA,male,NA,United States of America,1946-06-14T00:00:00Z,President of the United States,Republican Party,Donald,Trump,FALSE,TRUE,FALSE,FALSE,"['high', 'possible']","['give', 'set', 'need', 'be']","['end', 'term', 'limit', 'name', 'life', 'extension', 'technology', 'bar', 'president']","['extension', 'life']",[],['nmod'],0.3265294117647059,0.2532941176470588,0.3569705882352941,Republican,1
fayruuy,"Thanks.In the short term, I'm worried that the Tories will take this opportunity to realign the economy towards a more American model and that, while the Tories might increase spending a bit, it won't be enough and the legacy of cuts will still continue to hurt the most vulnerable. I'm also worried that we'll have missed a chance to make some progress on going carbon neutral when we don't have much time left and that Brexit will irreversibly damage we standing in the world.In the longer term, I'm worried that Labour might not learn the lessons of this defeat and that it seems likely that it will take us two election cycles to recover, by which time the Conservatives will have been in power for 19 years. It doesn't help that I don't think any of the likely candidates to replace Corbyn are going to be particularly effective leaders, although I do think there are some who would do at least a decent job. There's also the chance that this election will mean a more permanent realignment of politics and that the working class will continue to vote Tory, a bit like in America.",t1,Q291169,['Corbyn'],NA,male,NA,United Kingdom,1949-05-26T00:00:00Z,Member of the 58th Parliament of the United Kingdom,Labour Party,Jeremy,Corbyn,FALSE,TRUE,FALSE,FALSE,"['short', 'worried', 'american', 'enough', 'vulnerable', 'worried', 'neutral', 'much', 'long', 'worried', 'likely', 'likely', 'effective', 'least', 'decent', 'permanent']","['be', 'take', 'realign', 'increase', 'spend', 'be', 'continue', 'hurt', 'be', 'miss', 'make', 'go', 'have', 'leave', 'damage', 'stand', 'be', 'learn', 'seem', 'take', 'recover', 'be', 'help', 'think', 'replace', 'go', 'be', 'think', 'do', 'mean', 'work', 'continue', 'vote']","['thank', 'term', 'opportunity', 'economy', 'model', 'bit', 'legacy', 'cut', 'chance', 'progress', 'carbon', 'time', 'world', 'term', 'lesson', 'defeat', 'election', 'cycle', 'time', 'power', 'year', 'candidate', 'name', 'leader', 'job', 'chance', 'election', 'realignment', 'politic', 'class', 'bit']",[],['replace'],['dobj'],0.2053454545454545,0.155940909090909,0.1921818181818181,SocialDemocracy,1
f081y67,"Look up what Noam Chomsky, Chris Hedges, and other independent journalists have discussed and it becomes clear that he's a handy puppet and the US had the stated intention, even Marco Rubio said it, that Venezuela has much business opportunity, as they have the world's 2nd largest oil reserves after Saudi Arabia.",t3,Q324546,['Marco Rubio'],NA,male,NA,United States of America,1971-05-28T00:00:00Z,member of the Florida House of Representatives,Republican Party,Marco,Rubio,FALSE,FALSE,TRUE,FALSE,"['other', 'independent', 'clear', 'handy', 'much', '2nd', 'large']","['look', 'discuss', 'become', 'have', 'state', 'say', 'have', 'have']","['journalist', 'puppet', 'intention', 'name', 'business', 'opportunity', 'world', 'oil', 'reserve']",['even'],['say'],['dep'],0.1667704918032787,0.1007213114754098,0.1419180327868852,SocialDemocracy,2
ejff8qt,"For me, your position is a distinction without a difference.  Trump remains a danger, whether Trump's promoting Russia's agenda for Trump own personal financial benefit (past, current, or future), or Trump's simply the proverbial useful idiot.  That said, I simply find the idea that Trump's acting out of ideology unconvincing, based on what I can see.  And Trump doesn't have the intelligence to play checkers, let alone ""4-D chess"".",t1,Q22686,['Trump'],NA,male,NA,United States of America,1946-06-14T00:00:00Z,President of the United States,Republican Party,Donald,Trump,FALSE,TRUE,FALSE,FALSE,"['personal', 'financial', 'past', 'current', 'proverbial', 'useful', 'unconvincing', 'd']","['remain', 'promote', 'own', 'be', 'say', 'find', 'act', 'base', 'see', 'have', 'play', 'let']","['position', 'distinction', 'difference', 'name', 'danger', 'name', 'agenda', 'name', 'benefit', 'future', 'name', 'idiot', 'idea', 'name', 'ideology', 'name', 'intelligence', 'checker', 'chess']","['danger', 'agenda', 'simply', 'idiot', 'proverbial', 'useful', 'intelligence']","['remain', 'promote', 'be', 'act', 'have']","['nsubj', 'dep', 'pobj', 'nsubj', 'dep', 'dep']",0.2058878504672897,0.1447850467289719,0.1754953271028037,SocialDemocracy,2
euw9c06,"The socialist leader does not receive more votes for The socialist leader than against The socialist leader. The deadline for the dissolution of both houses of Parliament and the convening of elections expires on 23 September.PSOE and Unidas Podemos have maintained PSOE and Unidas Podemos differences and it has been impossible to find a compromise between the parcels of power that Pablo Iglesias wanted and those that Pedro Sánchez's was willing to cede. The slightest chance for an agreement has not been possible and Pedro Sánchez's nomination has failed.There have been more nays than ayes. 155 against 124, plus 67 abstentions. Among the former, 123 Socialist votes and the MP of the Regionalist Party of Cantabria (PRC). PP, Ciudadanos, Vox, Junts per Catalunya, Navarra Suma and Coalición Canaria added up Navarra Suma and Coalición Canaria nays and Unidas Podemos, ERC, PNV, Bildu and Compromís abstained. All the groups have asked Pedro Sánchez's not to let the two months until the call for elections on 23 September pass, and to start negotiations again. ""Negotiate with us, don't lead the Spaniards to elections"", were the last words of the leader of Podemos to the socialist leader.The tone of the debate was dramatic, if not sad, and in some interventions the feeling of failure was evident. The most explicit was ERC spokesman Gabriel Rufián, who lamented ""a new defeat of the left"". The exchange of reproaches between Pedro Sánchez's and Iglesias led the debate in the House, despite the fact that it was the socialist spokeswoman, Adriana Lastra, who with the utmost crudity revealed the breakdown of relations. ""You have not won elections and you wanted to have a government parallel to that of the PSOE"", Adriana Lastra reproached to the leader of Unidas Podemos.Nor have the PP and Ciudadanos changed their positions, for whom this episode has been a pure struggle for power that has ended badly. ""If I have to renounce my principles and not be useful to my country, you are right, Iglesias, I will not be prime minister. If you force me to choose between being prime minister and my convictions, I choose my convictions and to defend Spain"", Pedro Sánchez's has addressed Iglesias. ""We need a coherent and cohesive government and not two governments,"" explained the acting prime minister as one of the reasons for not accepting the demands of Unidas Podemos.""The program was never the problem,"" the acting prime minister said. In the acting prime minister presentation, the acting prime minister has blamed the failure of the negotiations exclusively on Iglesias party. the problem was in the ministries. ""You wanted to control 100% of the revenues and 50% of the expenditure; with 25% of the seats you wanted to control 80% of the social expenditure, being the fourth political force,"" continued Pedro Sánchez's.They were offered a social vice-premiership, the Ministry of Health and Consumption, the Ministry of Housing and the Ministry of Equality, ""and They have rejected it"". Sánchez's aspiration to preside over the Executive did not include ""at any price"". ""I want a plural, diverse government, but with a single direction and with management capacity,"" Executive said. The Treasury portfolio that Podemos asked was not accepted because "" it can not be in the hands of anyone who has never managed a budget. Nor the Labour one ""to repeal the employment reform and raise the minimum wage,"" as had requested the formation of Iglesias, ""as if they did not know that that depends on the entire government of the nation and Parliament,"" said the acting prime minister.Active employment policiesIglesias did not want the vote to begin without making a last attempt, an urgent offer and at the last minute: the renouncement to the Labour Ministry in exchange for control of active employment policies. The response has come from the socialist spokeswoman, Adriana Lastra. ""To everyone's surprise, Adriana Lastra makes a final offer to take the active employment policies. And after a pause of seconds, the hammer: ""Active employment policies are transferred to the autonomous regions. And her conclusion: ""They want to drive a car and They don't even know where the steering wheel is"". Active employment policies are managed by the autonomous regions, but the central government is responsible for prior approval and allocation.But Iglesias' offer was forced, suggested by ""a socialist of great prestige"", in his words, already past its time and, probably, destined to make it clear that Podemos did not want to break relations. ""It is very difficult to negotiate a coalition government in four days instead of 80 days,"" his complained. The leader of Podemos has also given The leader of Podemos version of events before the House, full of concessions to the demands of the socialists, such as not putting forward any radical proposal, accepting their veto and abiding by the Constitution in everything, fundamentally on the question of Catalonia. ""We ask for powers, not armchairs,"" said Iglesias. ""Look to the right, they're delighted.""they will all regret they intransigence,"" said the ERC spokesman to Sánchez and Iglesias. Once again, ""the left, defeated"" he said. Rufián has given both of them a book of stories written by Oriol Junqueras in prison, with the stories he would have liked to tell he two children in these two years he has been incarcerated. On the other hand, the spokeswoman for Junts per Catalunya, Laura Borràs, has stated that Laura Borràs party had no reason to vote for Sánchez, as he had not made any approach to the theses of the separatists.There were no substantial changes in the speeches of the leaders of the PP and of the Ciudadanos, Pablo Casado and Albert Rivera, in comparison to those they gave on the first day of the investiture; only adding to they criticisms the ""spectacle"" given by the negotiators for a mere eagerness to split cabinet posts.But they intentions were to reach an agreement, and Sánchez continues to lead ""a gang,"" as Rivera invariably maintains. The gloom has been appreciated in the intervention of PNV spokesman Aitor Esteban, who in a conciliatory tone has told Iglesias that they requests were not realistic for a group without management experience. ""Don't throw the towel, keep negotiating"". This was also the request of José María Mazón, from the PRC, the only support Sánchez has had. The secretary general of the PSOE, whose royal mandate to try to be appointed has been weakened by whose royal mandate to try to be appointed defeat, has not responded to the request to continue negotiating. whose royal mandate to try to be appointed still has two months to try before a new election. ""Negotiate with us and don't lead the Spaniards to new elections,"" the leader of the Unidas Podemos has asked.",t3,Q116812,['Oriol Junqueras'],NA,male,NA,Spain,1969-04-11T00:00:00Z,City councillor of Sant Vicenç dels Horts,Republican Left of Catalonia,Oriol,Junqueras,FALSE,FALSE,TRUE,FALSE,"['socialist', 'more', 'socialist', 'socialist', 'impossible', 'willing', 'slight', 'possible', 'more', 'former', 'socialist', 'last', 'socialist', 'dramatic', 'sad', 'evident', 'explicit', 'new', 'left', 'socialist', 'utmost', 'parallel', 'pure', 'useful', 'right', 'prime', 'prime', 'coherent', 'cohesive', 'prime', 'prime', 'prime', 'prime', 'social', 'fourth', 'political', 'social', 'plural', 'diverse', 'single', 'minimum', 'entire', 'prime', 'active', 'last', 'urgent', 'last', 'active', 'socialist', 'final', 'active', 'active', 'autonomous', 'active', 'autonomous', 'central', 'responsible', 'prior', 'great', 'clear', 'difficult', 'full', 'such', 'radical', 'delighted', 'other', 'substantial', 'first', 'mere', 'conciliatory', 'realistic', 'only', 'royal', 'royal', 'royal', 'new', 'new']","['receive', 'expire', 'maintain', 'be', 'find', 'want', 'be', 'cede', 'be', 'fail', 'be', 'add', 'abstain', 'ask', 'let', 'start', 'negotiate', 'lead', 'be', 'lament', 'lead', 'be', 'reveal', 'win', 'want', 'have', 'reproach', 'change', 'be', 'end', 'have', 'renounce', 'be', 'be', 'force', 'choose', 'be', 'choose', 'defend', 'address', 'need', 'explain', 'act', 'accept', 'act', 'say', 'act', 'act', 'blame', 'want', 'control', 'want', 'control', 'be', 'continue', 'offer', 'reject', 'preside', 'include', 'want', 'say', 'ask', 'accept', 'be', 'manage', 'repeal', 'raise', 'request', 'know', 'depend', 'say', 'act', 'want', 'begin', 'make', 'come', 'make', 'take', 'transfer', 'want', 'drive', 'know', 'manage', 'be', 'force', 'suggest', 'destine', 'make', 'want', 'break', 'negotiate', 'complain', 'give', 'put', 'accept', 'abide', 'ask', 'say', 'look', 'be', 'regret', 'say', 'defeat', 'say', 'give', 'write', 'like', 'tell', 'incarcerate', 'state', 'have', 'vote', 'make', 'give', 'add', 'criticism', 'give', 'split', 'reach', 'continue', 'lead', 'maintain', 'appreciate', 'tell', 'request', 'throw', 'keep', 'negotiate', 'have', 'try', 'appoint', 'weaken', 'try', 'appoint', 'respond', 'continue', 'negotiate', 'try', 'appoint', 'have', 'try', 'negotiate', 'lead', 'ask']","['leader', 'vote', 'leader', 'leader', 'deadline', 'dissolution', 'house', 'convening', 'election', 'difference', 'compromise', 'parcel', 'power', 'chance', 'agreement', 'nomination', 'nay', 'aye', 'abstention', 'vote', 'nay', 'group', 'month', 'call', 'election', 'pass', 'negotiation', 'election', 'word', 'leader', 'leader', 'tone', 'debate', 'intervention', 'feeling', 'failure', 'spokesman', 'defeat', 'exchange', 'reproach', 'debate', 'fact', 'spokeswoman', 'crudity', 'breakdown', 'relation', 'election', 'government', 'leader', 'position', 'episode', 'struggle', 'power', 'principle', 'country', 'minister', 'minister', 'conviction', 'conviction', 'government', 'government', 'minister', 'reason', 'demand', '""the', 'program', 'problem', 'minister', 'minister', 'presentation', 'minister', 'failure', 'negotiation', 'party', 'problem', 'ministry', '%', 'revenue', '%', 'expenditure', '%', 'seat', '%', 'expenditure', 'force', 'vice', '-', 'premiership', 'aspiration', 'price', 'government', 'direction', 'management', 'capacity', 'portfolio', 'hand', 'budget', 'one', 'employment', 'reform', 'wage', 'formation', 'government', 'nation', 'minister', 'employment', 'vote', 'attempt', 'offer', 'minute', 'renouncement', 'exchange', 'control', 'employment', 'policy', 'response', 'spokeswoman', 'surprise', 'offer', 'employment', 'policy', 'pause', 'second', 'hammer', 'employment', 'policy', 'region', 'conclusion', 'car', 'steering', 'wheel', 'employment', 'policy', 'region', 'government', 'approval', 'allocation', 'offer', 'socialist', 'prestige', 'word', 'time', 'relation', 'coalition', 'government', 'day', 'day', 'leader', 'leader', 'version', 'event', 'concession', 'demand', 'socialist', 'proposal', 'veto', 'question', 'power', 'armchair', 'right', 'intransigence', 'spokesman', 'left', 'book', 'story', 'name', 'prison', 'story', 'child', 'year', 'hand', 'spokeswoman', 'party', 'reason', 'approach', 's', 'separatist', 'change', 'speech', 'leader', 'comparison', 'day', 'investiture', 'spectacle', 'negotiator', 'eagerness', 'cabinet', 'post', 'intention', 'agreement', 'gang', 'gloom', 'intervention', 'spokesman', 'tone', 'group', 'management', 'experience', 'towel', 'request', 'support', 'secretary', 'general', 'mandate', 'mandate', 'defeat', 'request', 'mandate', 'month', 'election', 'election', 'leader']",[],[],['pobj'],0.1488525206922497,0.1178209179834462,0.1471339352896915,SocialDemocracy,0
fb5qt79,"Yeah the centrist Hillary Clinton lost so obviously that didn't work. the results showed that you guys didn't have more republicans, but less democrats voted than normal letting the republicans win.URLThis is just the first thing that came up but that's what happened.",t1,Q6294,['Hillary Clinton'],NA,female,NA,United States of America,1947-10-26T00:00:00Z,First Lady of the United States,Democratic Party,Hillary,Clinton,FALSE,FALSE,TRUE,FALSE,"['centrist', 'more', 'less', 'normal', 'first']","['lose', 'work', 'show', 'have', 'vote', 'let', 'win', 'come', 'be', 'happen']","['name', 'result', 'guy', 'republican', 'republican', 'thing']",['centrist'],['lose'],['nsubjpass'],0.1010384615384615,0.07175,0.0834038461538461,SocialDemocracy,1
epx5ahc,I think Marianne Williamson's a joke candidate with a huge ego who thinks being a spiritual advisor to celebrities qualifies Marianne Williamson to be president. Marianne Williamson's probably the candidate I like the least out of the current field.,t3,Q3131983,['Marianne Williamson'],NA,female,NA,United States of America,1952-07-08T00:00:00Z,NA,Democratic Party,Marianne,Williamson,FALSE,FALSE,TRUE,FALSE,"['huge', 'spiritual', 'least', 'current']","['think', 'think', 'be', 'qualify', 'be', 'like']","['name', 'joke', 'candidate', 'ego', 'advisor', 'celebrity', 'name', 'president', 'name', 'candidate', 'field']","['candidate', 'joke', 'probably', 'candidate']","['be', 'qualify', 'be']","['dep', 'dobj', 'dep']",0.2221086956521739,0.1452826086956521,0.2029782608695652,SocialDemocracy,1
ejgct79,"FWIW, I think you make excellent points.  I would only say that my concern with having pre-existing military entanglements is, when disengagement/ withdrawal -- which I support, because we should not be an empire -- exacerbates damage to the occupied countries.  If an abrupt walkaway causes more harm than a gradual de-escalation/ disengagement, what is the moral position?  We should leave, but how We leave matters.  International relations, esp. for the U.S., is sort of like ecology: you may want to only do one thing, but your action likely creates multiple unintended outcomes, and those can/do have moral importance.  In a perfect world, I'd like to see We leave Syria in a manner that alleviates some of the regional problems the war has created.  That said, as a non-expert, I am not sure what that looks like; I'd be interested in someone with regional expertise proposing a disengagement process that minimizes harm to regional stakeholders (including the European nations that are taking in the majority of the refugees, etc.)As for South America... I do see your point, given political changes in Brazil, Argentina, and Ecuador... I just wonder if chaos in Venezuela might be a Russian interest.  China also has a strong interest in Venezuela (given all China've invested there), and that also complicates the picture.I do see your points: as a leftist, it appears my perspective is not... sufficiently/ appropriately ""left-ish""?  I don't know.  I guess my way of putting it is, I don't trust us, the U.S., but I also don't trust other powers, like Russia or China.  This exchange makes me want to read Michael Walzer's A Foreign Policy for the Left, which has been on my reading list for awhile.FWIW, thank you for This exchange, and for giving me some points to consider.",t1,Q445511,['Michael Walzer'],NA,male,NA,United States of America,1935-03-03T00:00:00Z,NA,NA,Michael,Walzer,FALSE,FALSE,TRUE,FALSE,"['excellent', 'pre', '-', 'military', 'abrupt', 'more', 'gradual', '-', 'moral', 'international', 'multiple', 'unintended', 'moral', 'perfect', 'regional', 'non', 'expert', 'sure', 'interested', 'regional', 'regional', 'european', 'political', 'russian', 'strong', 'left', 'other']","['think', 'make', 'say', 'exist', 'support', 'be', 'exacerbate', 'occupy', 'cause', 'leave', 'leave', 'want', 'do', 'create', 'have', 'like', 'see', 'leave', 'alleviate', 'create', 'say', 'look', 'be', 'propose', 'minimize', 'include', 'take', 'etc.)a', 'see', 'give', 'wonder', 'be', 'have', 'give', 'invest', 'complicate', 'see', 'appear', 'know', 'guess', 'put', 'trust', 'trust', 'make', 'want', 'read', 'be', 'thank', 'give', 'consider']","['fwiw', 'point', 'concern', 'entanglement', 'withdrawal', 'empire', 'damage', 'country', 'walkaway', 'harm', 'disengagement', 'position', 'matter', 'relation', 'ecology', 'thing', 'action', 'outcome', 'importance', 'world', 'manner', 'problem', 'war', '-', 'expertise', 'disengagement', 'process', 'harm', 'stakeholder', 'nation', 'majority', 'refugee', 'point', 'change', 'chaos', 'interest', 'interest', 'picture', 'point', 'leftist', 'perspective', 'ish', 'way', 'power', 'exchange', 'name', 'reading', 'list', 'fwiw', 'exchange', 'point']",[],['read'],['dobj'],0.1627712765957447,0.1245505319148935,0.1490558510638298,SocialDemocracy,0
egg1301,"But LISA MURKOWSKI still won, so what's the issue?Serious question, not familiar with LISA MURKOWSKI.",t3,Q22360,['LISA MURKOWSKI'],NA,female,NA,United States of America,1957-05-22T00:00:00Z,member of the Alaska House of Representatives,Republican Party,Lisa,Murkowski,FALSE,FALSE,FALSE,TRUE,"['issue?serious', 'familiar']","['win', 'be']","['name', 'question', 'name']",['still'],['win'],"['dep', 'pobj']",0.122,0.0638095238095238,0.093047619047619,The_Donald,0
ehnidsd,They did until Kamala Harris came along.,t1,Q10853588,['Kamala Harris'],NA,female,South Asian American,United States of America,1964-10-20T00:00:00Z,San Francisco District Attorney,Democratic Party,Kamala,Harris,FALSE,FALSE,TRUE,FALSE,[],"['do', 'come']",['name'],[],[],['pobj'],0.0636666666666666,0.0333333333333333,0.0461111111111111,The_Donald,0
eextb2c,"&amp;#x200B;\n\nThe  indictment brought by Mueller does not accuse Stone of coordinating  directly with the Russian government to interfere in the 2016 election,  the key matter under investigation in the probe. But the key matter under investigation in the probe lays out in  detail Stone’s conversations about stolen Democratic emails posted by  WikiLeaks in the weeks before the Republican beat Clinton.  \n  \n  \n  \nMueller’s  office has said those emails, belonging to Clinton campaign chairman  John Podesta, were hacked by Russian intelligence officers.\n\nSo a glaring key fact that seem to be conspicuously absent: Did Stone do any of this prior to  WikiLeaks public release of said documents? (i.e. Is there any evidence of Stone possessing non-public knowledge? Or is this someone being charged for the CNN-touted crime of ""even reading said documents!""?)\n\nWe\'ve had more than a few cases where ""someone knew before the leak!"" and it was ""totally collusion!"" that simply turned out to be lies.\n\nI wonder if they\'ve finally gotten desperate enough to try to start jailing anyone who they can prove read the leaks?",t3,Q1290476,['John Podesta'],NA,male,NA,United States of America,1949-01-08T00:00:00Z,White House Deputy Chief of Staff,Democratic Party,David,Podesta,FALSE,FALSE,FALSE,TRUE,"['russian', 'key', 'key', 'democratic', 'russian', 'key', 'absent', 'prior', 'public', 'non', '-', 'public', 'more', 'few', 'desperate']","['bring', 'accuse', 'coordinate', 'interfere', 'lay', 'steal', 'post', 'beat', 'say', 'belong', 'hack', 'glare', 'seem', 'be', 'do', 'say', 'possess', 'charge', 'tout', 'read', 'say', 'have', 'know', 'turn', 'be', 'get', 'try', 'start', 'jail', 'prove', 'read']","['indictment', 'government', 'election', 'matter', 'investigation', 'probe', 'matter', 'investigation', 'probe', 'detail', 'stone', 'conversation', 'email', 'week', 'office', 'email', 'campaign', 'chairman', 'name', 'intelligence', 'fact', 'release', 'document', 'evidence', 'knowledge', 'crime', 'case', 'leak', 'collusion', 'wonder', 'leak']",[],['belong'],['npadvmod'],0.5170169491525423,0.4651525423728814,0.5849830508474574,The_Donald,3
e2u3z2e,"Even when you show other part, Trump still make racist jokes. Why even make special marks around Dark, if Trump wasn't trying to say a racist joke. Trump just wanted to be racist and get away with it.Trump also wanted to say pedophile jokes and get away with it. In fact, I think it makes it worst. Before I could imagine Trump did this by accident. Said things without thinking as we all have. But now...now we know it was on purpose. Trump purposely said horrible things in a way not to be punished. Like the dirty cop who takes a little from a guy's wallet after searching a guy found to possess drugs. a guy found to possess drugs will say I had to search a guy's wallet for drugs, but no proof a guy found to possess drugs stole any.",t1,Q22686,['Trump'],NA,male,NA,United States of America,1946-06-14T00:00:00Z,President of the United States,Republican Party,Donald,Trump,FALSE,TRUE,FALSE,FALSE,"['other', 'racist', 'special', 'racist', 'racist', 'horrible', 'dirty', 'little']","['show', 'make', 'make', 'try', 'say', 'want', 'be', 'get', 'want', 'say', 'get', 'think', 'make', 'imagine', 'do', 'say', 'think', 'have', 'know', 'say', 'punish', 'take', 'search', 'find', 'possess', 'find', 'possess', 'say', 'have', 'search', 'find', 'possess', 'steal']","['part', 'name', 'joke', 'mark', 'name', 'joke', 'name', 'pedophile', 'joke', 'fact', 'name', 'accident', 'thing', 'purpose', 'name', 'thing', 'way', 'cop', 'guy', 'wallet', 'guy', 'drug', 'guy', 'drug', 'guy', 'wallet', 'drug', 'proof', 'guy', 'drug']","['still', 'joke', 'racist', 'just', 'purposely', 'thing', 'horrible']","['make', 'try', 'want', 'imagine', 'say']","['dep', 'dep', 'dep', 'dobj', 'dep']",0.5271846153846155,0.4816615384615385,0.504430769230769,The_Donald,2
eynzroa,Look! Bernie Sanders... found the closet where HillDawg kept HillDawg server!,t3,Q359442,['Bernie Sanders'],NA,male,Jewish people,United States of America,1941-09-08T00:00:00Z,"Mayor of Burlington, Vermont",Liberty Union Party,Bernard,Sanders,FALSE,FALSE,FALSE,TRUE,[],"['look', 'find', 'keep']","['name', 'closet', 'server']",['closet'],['find'],['dep'],0.2208,0.1156666666666666,0.1590666666666666,The_Donald,0
egdq4e0,Ron DeSantis w/ John James as VP,t3,Q3105215,['Ron DeSantis'],NA,male,NA,United States of America,1978-09-14T00:00:00Z,Governor of Florida,Republican Party,Ronald,DeSantis,FALSE,FALSE,FALSE,TRUE,[],[],['name'],[],[],['dep'],0.141875,0.0852499999999999,0.09275,The_Donald,0
eg1ojrl,"Let’s see Adam Shitts and Pelosi’s tax return.  Bye the way, these Bozos are no match for our great President.",t3,Q170581,['Pelosi'],NA,female,Italian American,United States of America,1940-03-26T00:00:00Z,United States representative,Democratic Party,Nancy,Pelosi,FALSE,TRUE,FALSE,FALSE,['great'],"['let', 'see']","['name', 'tax', 'return', 'way', 'match']",[],[],['conj'],0.1995,0.156,0.1805357142857143,The_Donald,2
efl1o54,You flirted with him(cute) My Friend confronted you lied. You flirted again( will you date me). My Friend confronted you lied. You’re a liar and you’re two faced.,t1,Q348122,['My Friend'],NA,male,NA,United States of America,1913-08-17T00:00:00Z,NA,NA,Mark,Felt,FALSE,FALSE,FALSE,TRUE,['faced'],"['flirt', 'confront', 'lie', 'flirt', 'date', 'confront', 'lie', '’re', '’re']","['name', 'name', 'liar']",[],"['confront', 'confront']","['dep', 'dep']",0.0771794871794871,0.0524358974358974,0.0694358974358974,TwoXChromosomes,0
ezhcqx0,I once had a woman tell me I looked like Rosanne Barr and sounded like Fran Dresure and acted so shocked when I told a woman to fuck off.,t3,Q232301,['Rosanne Barr'],NA,female,American Jews,United States of America,1952-11-03T00:00:00Z,NA,Peace and Freedom Party,Roseanne,Barr,FALSE,FALSE,FALSE,TRUE,['shocked'],"['have', 'tell', 'look', 'sound', 'act', 'tell', 'fuck']","['woman', 'name', 'woman']",[],[],['pobj'],0.154258064516129,0.1309354838709677,0.1206774193548387,TwoXChromosomes,0
e7d4qyj,"Thank you very much. I'm white me, so I wouldn't necessarily call it bigotry. I am just tired of powerful men committing sexual assault/harassment and getting away with it. My story is similar to that of Dr. Ford's bc my ex is in a position of respect and power, and comes from a family of wealth and more power. It's scary, but it's comforting to know someone believes me and is willing to help me out.",t1,Q9582,['Ford'],NA,male,NA,United States of America,1913-07-14T00:00:00Z,United States representative,Republican Party,Gerald,Ford,FALSE,TRUE,FALSE,FALSE,"['white', 'tired', 'powerful', 'sexual', 'similar', 'bc', 'more', 'scary', 'willing']","['thank', 'be', 'call', 'commit', 'get', 'come', 'be', 'comfort', 'know', 'believe', 'be', 'help']","['bigotry', 'man', 'assault', 'harassment', 'story', 'name', 'ex', 'position', 'respect', 'power', 'family', 'wealth', 'power']",['bc'],['be'],['dep'],0.6035384615384614,0.5341538461538462,0.5941538461538461,TwoXChromosomes,0
f2yhkdw,No UTI?! Love that. Can we get some sort of conclusive evidence on this one? Wifey is constantly  suffering and Wifey's tried it all. Poor thing. Cute little Patchy patch  or Bushy hmmmm .  Bald is beautiful but then there's no push push in the Bush right?!  This Bald Craze has only been prominate for a dozen years. Maybe just a fad.  Ever seen a Nordic Blonde Bush? Like Zeuses beard!!,t3,Q207,['Bush'],NA,male,NA,United States of America,1946-07-06T00:00:00Z,Governor of Texas,Republican Party,George,Bush,FALSE,TRUE,FALSE,FALSE,"['conclusive', 'poor', 'cute', 'little', 'patchy', 'beautiful', 'right', 'prominate', 'nordic', 'blonde']","['love', 'get', 'try', 'be', 'see']","['sort', 'evidence', 'one', 'suffering', 'thing', 'patch', 'push', 'push', 'name', 'dozen', 'year', 'fad', 'name', 'beard']","['ever', 'blonde']",['see'],"['pobj', 'dobj']",0.1658020833333333,0.1257916666666666,0.1422604166666667,TwoXChromosomes,0
ezpvhwb,"You do understand that the men at “the top” have tremendous influence on the men below the men at “the top, right? Trump openly cavorting with America’s enemies, inviting Russian meddling, cheating contractors out of hard-earned pay, grabbing women by women private parts, assaulting women, is a blatant racist, elitist and misogynist, cavorting with a man who raped children, sees white supremacists as “very good people”... I could go on and on, but you know the truth about this very unstable moron.And then there’s Pence, who made a big stink about not dining alone with women (btw, Trump also refuses to be in any room alone with a woman, did you know that?) and also teaches at a school which bars LGBTQ youth from attending. Not very Christ-like behavior. Do you really not think these two men at the very pinnacle of the American food chain have no influence on the way men currently act towards attractive women in men offices? The “Me, too” movement occurred AFTER Trump and Pence took office and AFTER Pence came forward about not being in a room alone with a woman. Coincidence? Nope. Trump and Pence’s egregious behavior FUELED the fire. Please wake up. Women aren’t the enemy. It’s not that difficult to act in a professional manner at work. If a woman at work says something off color, report a woman at work. Fair is fair.",t1,Q22686,['Trump'],NA,male,NA,United States of America,1946-06-14T00:00:00Z,President of the United States,Republican Party,Donald,Trump,FALSE,TRUE,FALSE,FALSE,"['tremendous', 'right', 'russian', 'private', 'blatant', 'elitist', 'misogynist', 'white', 'good', 'unstable', 'big', 'like', 'very', 'american', 'attractive', 'egregious', 'difficult', 'professional', 'fair']","['understand', 'have', 'cavort', 'invite', 'cheat', 'earn', 'grab', 'assault', 'cavort', 'rape', 'see', 'go', 'know', '’', 'make', 'dine', 'refuse', 'be', 'know', 'teach', 'bar', 'attend', 'think', 'have', 'act', 'occur', 'take', 'come', 'be', 'fuel', 'wake', '’', 'act', 'say', 'report']","['man', 'top', 'influence', 'man', 'man', 'top', 'name', 'enemy', 'meddling', 'contractor', 'pay', 'woman', 'woman', 'part', 'woman', 'racist', 'man', 'child', 'supremacist', 'people', 'truth', 'moron', 'stink', 'woman', 'name', 'room', 'woman', 'school', 'youth', 'behavior', 'man', 'pinnacle', 'food', 'chain', 'influence', 'way', 'man', 'woman', 'man', 'office', 'movement', 'name', 'office', 'room', 'woman', 'coincidence', 'name', 'behavior', 'fire', 'woman', 'enemy', 'manner', 'work', 'woman', 'work', 'color', 'woman', 'work', 'fair']","['racist', 'blatant', 'elitist', 'btw', 'also']","['be', 'refuse']","['dep', 'dep', 'pobj', 'ROOT']",0.1767491408934708,0.1326219931271477,0.1604020618556701,TwoXChromosomes,2
enhmdeq,"There’s a book called I Fired God and a book called’s by a woman who escaped a fundamentalist cult and a book called really gives insight to how these people think. a book called’s a great read, a woman who escaped a fundamentalist cult was in the same cult as the Duggar’s and Mike Huckabee and a woman who escaped a fundamentalist cult lays out the Quiverfull Movement (push out as many children as possibly to have a voting army for God) and the social system of a fundamentalist cult and a book called’s eye opening to how much these men consider women to be broodmares and nothing more. And it was written in 2012 and a woman who escaped a fundamentalist cult basically predicts Trump and all the stuff that’s happening right now. Highly recommend",t1,Q158813,['Mike Huckabee'],NA,male,NA,United States of America,1955-08-24T00:00:00Z,Lieutenant Governor of Arkansas,Republican Party,Michael,Huckabee,FALSE,FALSE,FALSE,TRUE,"['fundamentalist', 'great', 'fundamentalist', 'same', 'fundamentalist', 'many', 'social', 'fundamentalist', 'much', 'more', 'fundamentalist']","['’', 'call', 'fire', 'call', 'escape', 'call', 'give', 'think', 'call', 'escape', 'escape', 'lay', 'push', 'have', 'vote', 'call', 'consider', 'be', 'write', 'escape', 'predict', 'happen', 'recommend']","['book', 'book', 'woman', 'cult', 'book', 'insight', 'people', 'book', 'read', 'woman', 'cult', 'cult', 'name', 'woman', 'cult', 'child', 'army', 'system', 'cult', 'book', 'eye', 'opening', 'man', 'woman', 'broodmare', 'woman', 'cult', 'stuff']",['woman'],[],['conj'],0.2151073825503356,0.1581744966442953,0.2149395973154362,TwoXChromosomes,2
e8b17zv,"That is a fair statement.  Just on the view articles i quickly looked at in response to some people, the alarming thing to me is that only 10% or so of law enforcement agencies report these crimes to the FBI.  Which the the FBI data is what most use for the FBI data articles.  So certainly there are a lot not being factored into their articles. The one thing, and i'm not sure how you validate or prove it, is the direction of the hate crime.  By that i mean, are you able to identify the hate crime with a specific ideology or political lean?  At the very minimum, what i've seen, is hate crimes have been on the rise, and that was before Trump.  I just think the implication many make are that Trump is causing the rise, is a bit absurd.  Not baseless, but Trump is not solely responsible for the rise.  This country has been getting angrier and angrier for years now.  Lastly, i'd also really like to see the transformation of what defines a hate crime from say 20 years ago til today.",t1,Q22686,['Trump'],NA,male,NA,United States of America,1946-06-14T00:00:00Z,President of the United States,Republican Party,Donald,Trump,FALSE,TRUE,FALSE,FALSE,"['fair', 'alarming', 'most', 'sure', 'able', 'specific', 'political', 'lean', 'very', 'hate', 'many', 'absurd', 'baseless', 'responsible', 'angry', 'angry']","['look', 'report', 'factor', 'be', 'validate', 'prove', 'mean', 'identify', 'see', 'be', 'be', 'think', 'make', 'cause', 'be', 'get', 'like', 'see', 'define', 'say']","['statement', 'view', 'article', 'response', 'people', 'thing', '%', 'law', 'enforcement', 'agency', 'crime', 'data', 'use', 'data', 'article', 'lot', 'article', 'thing', 'direction', 'hate', 'crime', 'hate', 'crime', 'ideology', 'minimum', 'crime', 'rise', 'name', 'implication', 'name', 'rise', 'bit', 'name', 'rise', 'country', 'year', 'transformation', 'hate', 'crime', 'year', 'today']","['rise', 'responsible', 'solely']","['be', 'cause', 'be']","['attr', 'dep', 'nsubj']",0.534435483870968,0.4680645161290322,0.548483870967742,TwoXChromosomes,1
f9yt0ok,"As sit-ins targeted establishment Democrats nationwide to demand the Green New Deal, Bernie Sanders stood with climate campaigners in Iowa on Friday and applauded striking youth worldwide who are saying: ""Hey, we want a planet that we can grow up in and have kids in that is healthy and inhabitable."" ... key leaders of the youth-led movement in the U.S. officially endorsed the Vermont senator's 2020 presidential bid. ... Bernie Sanders joined climate strikers near the Capitol Building in Des Moines to bolster their demand for bold action on the crisis that is impacting people around the world, including rural regions in the United States. ""You're seeing planting seasons decline, and harvests decline, because farmers cannot grow crops when farmers fields are underwater or when farmers have drought,"" Bernie Sanders told the crowd of young people and allies.  ""We're looking not only in Iowa, not only in the Midwest, not only in America—we're looking all over the world about a serious crisis in food production,"" Bernie Sanders said. ""That's the bad news. But here is the bad news. If we have the courage to take on the fossil fuel industry and other special interests, if we have the courage to pass a Green New Deal, we can create up to 20 million good-paying jobs transforming we energy system."" ...  ""Young people all over the world, not just here in Iowa or in the United States, but all over the world are telling ""Young people all over the world, not just here in Iowa or in the United States, but all over the world leaders, 'Hey, ""Young people all over the world, not just here in Iowa or in the United States, but all over the world want a planet that ""Young people all over the world, not just here in Iowa or in the United States, but all over the world can grow up in and have kids in that is healthy and inhabitable,'Bernie Sanders Bernie Sanders said at the Des Moines event. ""When that global movement spreads, maybe, just maybe, ""Young people all over the world, not just here in Iowa or in the United States, but all over the world can tell world leaders all over the planet that instead of spending $1.8 trillion a year on weapons of destruction designed to kill each other, maybe we can pool we resources and combat we common enemy which is climate change."" Later on Friday, several leaders of the U.S. Youth Climate Strike group—namely co-founder and partnerships director Isra Hirsi, executive director Felíquan Charlemagne, political director Daylon Prochaska, and creative director Pujan Patel—all stepped forward to officially endorse Bernie Sanders for president. ""Historically, movements have had young people at the forefront and global movement is no exception,"" Hirsi said. ""Bernie has been there since day one fighting alongside all the young people across the country.""  Sanders' plan for a Green New Deal, added Charlemagne, ""is the only plan that addresses the climate crisis to the scale the climate crisis needs to be addressed. It is the only plan that sets our goals to 2030. It is the only plan that has such a consideration of climate migrants, the only plan that has such a consideration of climate justice. It's the only plan that can save our planet."" ""  Sanders' Green New Deal has been heralded by climate experts as the gold standard among those currently running for president. With a goal of reaching 100 percent renewable energy for electricity and transportation by no later than 2030, Sanders' Green New Deal campaign says Sanders' Green New Deal aims to ensure ""justice for frontline communities"" and vows to build on the organizing and demands set forth by climate justice movement that gives priority to young people, workers, indigenous people, and communities of color. ""When Bernie talks about this being a global crisis where we need to come together as one planet, this is what Sanders' Green New Deal means,"" Pujan said. ""A grassroots movement where the working class stands up and tells the government that we have a say and that we deserve to survive."" ... With the United Nations climate talks at the COP 25 conference taking place in Madrid, Spain this week and next, there were massive Fridays for Future protests across Europe and elsewhere. In Madrid itself, an estimated half million people rallied in the streets. In a tweet on Friday, Sunrise's executive director Varshini Prakash, said, ""Big Oil wants us to believe us're too young, that us can't win, that us're powerless.  Because for every person disillusioned, despairing and in denial that's another dollar in their pockets.  us won't give that to their.  us are rising. The young people will win a  Green New Deal.""",t3,Q1519006,['Hirsi'],NA,male,Somalis,Somalia,1935-01-01T00:00:00Z,NA,Somali Salvation Democratic Front,Hirsi,Isse,TRUE,FALSE,FALSE,FALSE,"['nationwide', 'healthy', 'inhabitable', 'key', 'presidential', 'bold', 'rural', 'underwater', 'young', 'serious', 'bad', 'bad', 'other', 'special', 'young', 'young', 'young', 'young', 'healthy', 'global', 'young', 'other', 'common', 'several', 'executive', 'political', 'creative', 'young', 'global', 'young', 'only', 'only', 'only', 'only', 'only', 'renewable', 'young', 'indigenous', 'global', 'grassroots', 'next', 'massive', 'future', 'executive', 'big', 'young', 'powerless', 'disillusioned', 'despairing', 'young']","['target', 'demand', 'stand', 'applaud', 'strike', 'say', 'want', 'grow', 'have', 'lead', 'endorse', 'join', 'bolster', 'impact', 'include', 'see', 'decline', 'grow', 'be', 'have', 'tell', 'look', 'look', 'say', 'have', 'take', 'have', 'pass', 'create', 'pay', 'transform', 'tell', 'want', 'grow', 'have', 'say', 'spread', 'tell', 'spend', 'design', 'kill', 'pool', 'resource', 'be', 'step', 'endorse', 'have', 'be', 'say', 'be', 'add', 'address', 'need', 'address', 'set', 'have', 'have', 'save', 'herald', 'run', 'reach', 'say', 'aim', 'ensure', 'vow', 'build', 'set', 'give', 'talk', 'be', 'need', 'come', 'mean', 'say', 'work', 'stand', 'tell', 'have', 'deserve', 'survive', 'take', 'estimate', 'rally', 'say', 'want', 'believe', 'win', ""us're"", 'give', 'rise', 'win']","['sit', 'in', 'establishment', 'climate', 'campaigner', 'youth', 'planet', 'kid', 'leader', 'youth', 'movement', 'senator', 'bid', 'climate', 'striker', 'demand', 'action', 'crisis', 'people', 'world', 'region', 'planting', 'season', 'decline', 'harvest', 'farmer', 'crop', 'farmer', 'field', 'farmer', 'drought', 'crowd', 'people', 'ally', 'world', 'crisis', 'food', 'production', 'news', 'news', 'courage', 'fossil', 'fuel', 'industry', 'interest', 'courage', 'job', 'energy', 'system', 'people', 'world', 'world', 'people', 'world', 'world', 'leader', 'people', 'world', 'world', 'planet', 'people', 'world', 'world', 'kid', 'event', 'movement', 'people', 'world', 'world', 'world', 'leader', 'planet', 'year', 'weapon', 'destruction', 'combat', 'enemy', 'climate', 'change', 'leader', 'group', 'co', '-', 'founder', 'partnership', 'director', 'name', 'director', 'director', 'director', 'president', 'movement', 'people', 'forefront', 'movement', 'exception', 'name', 'day', 'fighting', 'people', 'country', 'plan', 'plan', 'climate', 'crisis', 'scale', 'climate', 'crisis', 'plan', 'goal', 'plan', 'consideration', 'climate', 'migrant', 'plan', 'consideration', 'climate', 'justice', 'plan', 'planet', 'climate', 'expert', 'gold', 'standard', 'president', 'goal', 'percent', 'energy', 'electricity', 'transportation', 'campaign', 'justice', 'frontline', 'community', 'organizing', 'demand', 'climate', 'justice', 'movement', 'priority', 'people', 'worker', 'people', 'community', 'color', 'crisis', 'planet', 'movement', 'class', 'government', 'say', 'climate', 'talk', 'cop', 'conference', 'place', 'week', 'protest', 'half', 'people', 'street', 'tweet', 'director', ""us're"", 'person', 'denial', 'dollar', 'pocket', 'people']",[],['say'],"['appos', 'dep']",0.1916074468085106,0.1412574468085105,0.1788361702127659,alltheleft,0
erx5omz,"And Joe Biden'll play ball with the corporations who push the ""electable"" narrative the hardest through their ""news"" stations.",t1,Q6279,['Joe Biden'],NA,male,NA,United States of America,1942-11-20T00:00:00Z,President of the United States,Democratic Party,Joe,Biden,FALSE,FALSE,TRUE,FALSE,"['electable', 'hard']","['play', 'push']","['ball', 'corporation', 'narrative', 'news', 'station']",[],[],[],0.1325833333333333,0.1117916666666666,0.0938333333333333,alltheleft,2
exv358w,"Everything President Trump's doing is illegal.  More than that, it's unquestionably and unambiguously criminal.The FBI and Congress are cowards for not holding President Trump and President Trump henchmen accountable.  Same goes for every state jurisdiction that's choosing not to pursue charges.",t3,Q22686,['Trump'],NA,male,NA,United States of America,1946-06-14T00:00:00Z,President of the United States,Republican Party,Donald,Trump,FALSE,TRUE,FALSE,FALSE,"['illegal', 'More', 'criminal', 'accountable']","['do', 'hold', 'go', 'choose', 'pursue']","['name', 'coward', 'name', 'name', 'henchman', 'state', 'jurisdiction', 'charge']",[],[],"['appos', 'appos', 'nmod']",0.142551724137931,0.1437241379310345,0.185051724137931,alltheleft,2
emsaqph,"Yeah Joe Biden fucking sucks. Joe Biden served Joe Biden purpose, nudging centrists into voting for Obama. Time to put Joe Biden out to pasture.",t1,Q6279,['Joe Biden'],NA,male,NA,United States of America,1942-11-20T00:00:00Z,President of the United States,Democratic Party,Joe,Biden,FALSE,FALSE,TRUE,FALSE,['fucking'],"['serve', 'nudge', 'put']","['name', 'suck', 'name', 'name', 'purpose', 'centrist', 'voting', 'time', 'name', 'pasture']",['fucking'],"['serve', 'put']","['dep', 'dep', 'nmod', 'dobj']",0.1776666666666666,0.1412727272727272,0.1573030303030303,alltheleft,2
fblyp85,", there is one safe bet — one candidate that we need to rally behind yesterday. And it’s not Joe Biden.",t3,Q6279,['Joe Biden'],NA,male,NA,United States of America,1942-11-20T00:00:00Z,President of the United States,Democratic Party,Joe,Biden,FALSE,FALSE,TRUE,FALSE,['safe'],"['need', 'rally', '’']","['bet', 'candidate', 'yesterday', 'name']",[],['’'],['attr'],0.1983846153846153,0.1506923076923076,0.1598846153846153,alltheleft,0
ekk2264,"Results of the 2016 Democratic Party presidential primariesThis article includes the entire 2016 Democratic Party presidential primary schedule in a format that includes result tabulation. Below are the vote totals for everyone that appeared on the ballot during the 2016 Democratic presidential primaries. Two candidates, Bernie Sanders and Hillary Clinton, appeared on all 57 ballots. Two others, [""Martin O'Malley""] and Rocky De La Fuente, appeared in over 30 states and six others appeared on between two and ten states. PMURL   Downvote to remove  v0.28",t1,Q120260,"[""Martin O'Malley""]",NA,male,NA,United States of America,1963-01-18T00:00:00Z,Mayor of Baltimore,Democratic Party,Martin,O'Malley,FALSE,FALSE,TRUE,FALSE,"['presidential', 'entire', 'presidential', 'primary', 'democratic', 'presidential']","['include', 'include', 'appear', 'appear', 'appear', 'appear', 'downvote', 'remove']","['result', 'article', 'schedule', 'format', 'result', 'tabulation', 'vote', 'total', 'ballot', 'primary', 'candidate', 'ballot', 'other', 'name', 'state', 'other', 'state']",[],[],['appos'],0.1563473684210526,0.1113157894736841,0.1474421052631578,alltheleft,0
f00rl4f,"maybe so, but i have a harder time trusting Elizabeth Warren, and that matters to Elizabeth Warren Tax Plan.",t1,Q434706,['Elizabeth Warren'],NA,female,White Americans,United States of America,1949-06-22T00:00:00Z,special adviser,Democratic Party,Elizabeth,Warren,FALSE,FALSE,TRUE,FALSE,['hard'],"['have', 'trust', 'matter']","['time', 'name', 'name', 'tax']",['tax'],['trust'],"['dobj', 'nmod']",0.1779166666666666,0.1169166666666666,0.1687083333333333,alltheleft,3
es7xgth,"Section 44 refers to “any direct or indirect pecuniary interest in any agreement with the public service of the Commonwealth”.If Peter Dutton wife still owns it then his wife still owns it could be argued that Peter Dutton has an indirect interest in it. IMO if Peter Dutton was ineligible before, Peter Dutton's still ineligible now.",t3,Q7173778,['Peter Dutton'],NA,male,NA,Australia,1970-11-18T00:00:00Z,Member of the Australian House of Representatives,Liberal National Party of Queensland,Peter,Dutton,FALSE,FALSE,TRUE,FALSE,"['direct', 'indirect', 'pecuniary', 'public', 'indirect', 'ineligible', 'ineligible']","['refer', 'own', 'own', 'argue', 'have', 'be']","['section', 'interest', 'agreement', 'service', 'name', 'wife', 'wife', 'name', 'interest', 'name', 'name']","['interest', 'indirect', 'ineligible', 'imo', 'still', 'ineligible', 'now']","['have', 'be', 'be']","['nmod', 'nsubj', 'dep', 'dep']",0.1667014925373134,0.1210746268656716,0.1447164179104478,australia,3
f62odkc,Rupert Murdoch supported Kevin Rudd in '07.URLThe Australian was arguably the most supportive of Kevin Rudd’s rise to opposition leader in 2006 and then prime minister in 2007.URL,t1,Q43135,['Kevin Rudd'],NA,male,NA,Australia,1957-09-21T00:00:00Z,Member of the Australian House of Representatives,Australian Labor Party,Michael,Rudd,FALSE,FALSE,FALSE,TRUE,"['supportive', 'prime']","['support', 'be', '’', 'rise']","['name', 'name', 'opposition', 'leader', 'minister']",[],['support'],"['npadvmod', 'pobj']",0.180125,0.1265,0.17746875,australia,3
f6le8vs,"Can someone explain to someone how Scott Morrison even would outlaw consumer boycotts? It's not like Scott Morrison can force people to buy a product. All I can think of is that since Scott Morrison was talking about secondary boycotts of fossil fuels, maybe Scott Morrison'll craft privacy laws so that we can't find out who's in bed with The Mining Industry, and thus wouldn't know who to boycott.",t3,Q7436908,['Scott Morrison'],NA,male,NA,Australia,1968-05-13T00:00:00Z,Member of the Australian House of Representatives,Liberal Party of Australia,Scott,Morrison,FALSE,FALSE,TRUE,FALSE,"['secondary', 'fossil']","['explain', 'outlaw', 'force', 'buy', 'think', 'talk', 'find', 'know', 'boycott']","['name', 'consumer', 'boycott', 'name', 'people', 'product', 'name', 'boycott', 'fuel', 'craft', 'privacy', 'law', 'bed']","['how', 'even', 'boycott', 'consumer']","['outlaw', 'talk']","['nsubj', 'pobj', 'nsubj']",0.2005432098765431,0.1464567901234568,0.1773827160493827,australia,3
f7acrwk,"One of Barnaby daughters publicly hates Barnaby and sledges the shit out of Barnaby, you love to see the shit",t1,Q4861362,['Barnaby'],NA,male,NA,Australia,1967-04-17T00:00:00Z,Member of the Australian House of Representatives,National Party of Australia,Barnaby,Joyce,TRUE,FALSE,FALSE,FALSE,[],"['hate', 'sledge', 'love', 'see']","['name', 'daughter', 'name', 'shit', 'name', 'shit']","['daughter', 'publicly']",['hate'],"['pobj', 'dobj', 'pobj']",0.1717037037037036,0.1413703703703703,0.1414814814814814,australia,0
e9ih56d,"Yeah, you can get those speeds on FTTN, if:- your connection is to a node right outside your place; and- the copper between a node and you is brand new; and- there hasn't been recent rain; and- it's either 2am, or you've managed to convince your neighbours to not be online. There is a good reason why every other country that started with FTTN abandoned it for FTTP or FTTC long ago. In fact, countries like UK, USA and France had abandoned it before Turnbull was put into a position to destroy NBN.",t1,Q927550,['Turnbull'],NA,male,NA,Australia,1954-10-24T00:00:00Z,"Delegate to the Australian Constitutional Convention, 1998",Liberal Party of Australia,Malcolm,Turnbull,FALSE,TRUE,FALSE,FALSE,"['new', 'recent', 'online', 'good', 'other']","['get', 'and-', 'be', 'be', 'and-', 'be', 'manage', 'convince', 'be', 'start', 'abandon', 'abandon', 'put', 'destroy']","['speed', 'connection', 'node', 'place', 'copper', 'node', 'brand', 'rain', 'am', 'neighbour', 'reason', 'country', 'fact', 'country', 'name', 'position']",[],['put'],['nsubjpass'],0.5639642857142857,0.3996785714285715,0.5013571428571428,australia,1
e8c2ffq,"And the evidence the shoes cost more than $300? There's none.Evidence? No, not precisely. Mr Farmer has said there only a handful of pairs in the world bearing Mr Farmer Aboriginal artwork, with estimates they could each be worth as much as $25,000. At Mr Farmer old label, a standard pair of factory Jimmy Choo pumps retail anywhere between $850 to $3495.These suggest the value is greater than $300 - and significantly greater that a check should be made. Asked for evidence of the value of the shoes, what steps had been taken to establish their value, and to provide any proof of payment, a spokeswoman for Ms Bishop', 'Julie Bishop said: ""Julie Bishop', 'Julie Bishop MP has complied with the requirements of the register of members' interests.""All Julie Bishop', 'Julie Bishop needs to do is request a valuation and pay the difference above $300.  Other MPs including the ex-PM seems to be able to do that with hand crafted jewelry, rugs and whatnot without issue.  Tell me, why should Ms Bishop', 'Julie Bishop get a free pass?",t1,Q434858,"['Bishop', 'Julie Bishop']",NA,female,NA,Australia,1956-07-17T00:00:00Z,"Delegate to the Australian Constitutional Convention, 1998",Liberal Party of Australia,Julie,Bishop,FALSE,TRUE,FALSE,FALSE,"['more', 'worth', 'much', 'old', 'standard', 'great', 'great', 'other', 'able', 'free']","['cost', 'say', 'bear', 'be', 'pump', 'suggest', 'make', 'ask', 'take', 'establish', 'provide', 'say', 'comply', 'need', 'do', 'request', 'pay', 'include', 'seem', 'be', 'do', 'craft', 'tell', 'get']","['evidence', 'shoe', 'none', 'evidence', 'handful', 'pair', 'world', 'artwork', 'estimate', 'label', 'pair', 'factory', 'retail', '3495.These', 'value', 'check', 'evidence', 'value', 'shoe', 'step', 'value', 'proof', 'payment', 'spokeswoman', 'name', 'name', 'requirement', 'register', 'member', 'interest', 'name', 'valuation', 'difference', 'mp', 'ex', 'hand', 'jewelry', 'rug', 'issue', 'name', 'pass']","['why', 'pass', 'free']","['need', 'get']","['pobj', 'appos', 'dep', 'dep']",0.6160163934426232,0.429655737704918,0.5480819672131148,australia,3
e6dguwn,"Its not so much legislating against mathematics: that would be very hard to do indeed, as raw numbers are for the most part, immutable fact; unless of course, you're talking about how you haven't cut any money from the education system because the yearly to yearly funding is still going up, or you're counting signatures on a petition.What they're essentially writing into government’s encryption bill is taking numbers out of the equation entirely; a sort of legislative algebra. First of all, government’s encryption bill compels telecommunications services (which here means ""any business with a website"") to tell authorities about how authorities system of encryption works, and identify any security weaknesses in authorities process. That sounds logical; a company that provides an encryption service would of course know about crippling security defects which can be exploited to nullify a company that provides an encryption service entire appeal, and would, of course, leave a company that provides an encryption service unpatched in the interests of security. Of course, if a company that provides an encryption service were so recklessly naive that a company that provides an encryption service eliminated all of a company that provides an encryption service security deficiencies, government’s encryption bill also provides law enforcement the ability to compel a company that provides an encryption service to reinstall a company that provides an encryption service, as is good and proper. In specific cases, police can also compel telecommunications services to collect extra data from police users; presumably this is metadata of the actual messages like IP address and all the other things about metadata I learnt from George Brandis, as opposed to their Incognito Mode browsing history.Secondly, it allows ""digital warrants"" which allow law enforcement to collect their information directly from a specific device where it has already been helpfully decrypted. This eliminates the nasty business of waylaying packets of encrypted gobbledygook as the nasty business of waylaying packets of encrypted gobbledygook shoot the nasty business of waylaying packets of encrypted gobbledygook way through the labyrinthine sewers of the Internet, and allows the police to simply wait at the outlet of informational refuse that pours into the ocean at the end of the tubes, to catch the plaintext as the plaintext plops out.Furthermore, the plaintext provides law enforcement the ability to compel telecommunications services to do ""acts"" and ""things"", to help in the noble goal of complete transparency of information. The benefits of such a clear and well defined set of powers are immediately obvious to all.Basically, this bill is absolutely nothing to worry about. Also, Peter Dutton is a very handsome man, and any High Court judge would be entirely incapable of providing a fair judgement on any case involving Peter Dutton due to sheer envy. Thankfully, there are no legal cases involving Peter Dutton so judges, and I, can rest easy.",t1,Q7173778,['Peter Dutton'],NA,male,NA,Australia,1970-11-18T00:00:00Z,Member of the Australian House of Representatives,Liberal National Party of Queensland,Peter,Dutton,FALSE,FALSE,TRUE,FALSE,"['much', 'hard', 'raw', 'most', 'immutable', 'yearly', 'yearly', 'legislative', 'logical', 'crippling', 'entire', 'unpatched', 'naive', 'good', 'proper', 'specific', 'extra', 'actual', 'other', 'digital', 'specific', 'nasty', 'encrypted', 'nasty', 'nasty', 'labyrinthine', 'informational', 'noble', 'complete', 'clear', 'obvious', 'handsome', 'incapable', 'fair', 'due', 'sheer', 'legal']","['be', 'do', 'be', 'talk', 'cut', 'go', 'count', 'write', 'take', 'compel', 'mean', 'tell', 'identify', 'sound', 'provide', 'know', 'exploit', 'nullify', 'provide', 'leave', 'provide', 'provide', 'be', 'provide', 'eliminate', 'provide', 'provide', 'compel', 'provide', 'reinstall', 'provide', 'be', 'compel', 'collect', 'learn', 'oppose', 'browse', 'allow', 'allow', 'collect', 'decrypt', 'eliminate', 'waylay', 'waylay', 'encrypt', 'shoot', 'waylay', 'encrypt', 'allow', 'wait', 'pour', 'catch', 'plop', 'provide', 'compel', 'do', 'act', 'help', 'define', 'worry', 'be', 'provide', 'involve', 'involve', 'rest']","['legislating', 'mathematic', 'number', 'part', 'fact', 'course', 'money', 'education', 'system', 'funding', 'signature', 'petition', 'government', 'encryption', 'bill', 'number', 'equation', 'sort', 'algebra', 'government', 'encryption', 'bill', 'telecommunications', 'service', 'business', 'website', 'authority', 'authority', 'system', 'encryption', 'work', 'security', 'weakness', 'authority', 'process', 'company', 'encryption', 'service', 'course', 'security', 'defect', 'company', 'encryption', 'service', 'appeal', 'course', 'company', 'encryption', 'service', 'interest', 'security', 'company', 'encryption', 'service', 'company', 'encryption', 'service', 'company', 'encryption', 'service', 'security', 'deficiency', 'government', 'encryption', 'bill', 'law', 'enforcement', 'ability', 'company', 'encryption', 'service', 'company', 'encryption', 'service', 'case', 'police', 'telecommunications', 'service', 'datum', 'police', 'user', 'metadata', 'message', 'ip', 'address', 'thing', 'metadata', 'history', 'warrant', 'law', 'enforcement', 'information', 'device', 'business', 'packet', 'gobbledygook', 'business', 'packet', 'gobbledygook', 'business', 'packet', 'gobbledygook', 'way', 'sewer', 'internet', 'police', 'outlet', 'refuse', 'ocean', 'end', 'tube', 'plaintext', 'plaintext', 'plaintext', 'law', 'enforcement', 'ability', 'telecommunications', 'service', 'thing', 'goal', 'transparency', 'information', 'benefit', 'set', 'power', 'bill', 'name', 'man', 'judge', 'judgement', 'case', 'name', 'envy', 'case', 'name', 'judge']","['also', 'man', 'handsome']","['be', 'involve', 'involve']","['dep', 'dobj', 'dobj']",0.5971249999999997,0.4347613636363637,0.5883693181818178,australia,0
e4kwr3i,If you think calling literal Nazis racists is bad for Trudeau I hope for your sake you’re not the best strategist that the conservatives have...the best strategist that the conservatives have...’s a member of white supremcist national socialist organizations...,t1,Q8619,['Trudeau'],NA,male,NA,Canada,1919-10-18T00:00:00Z,leader of the Liberal Party of Canada,Liberal Party of Canada,Elliott,Trudeau,FALSE,TRUE,FALSE,FALSE,"['literal', 'bad', 'good', 'good', 'white', 'supremcist', 'national', 'socialist']","['think', 'call', 'hope', '’re', 'have', 'have']","['nazi', 'racist', 'name', 'sake', 'strategist', 'conservative', 'strategist', 'conservative', 'member', 'organization']",[],[],['pobj'],0.6230666666666667,0.4268666666666668,0.5730666666666667,canada,2
e27fydz,Lol NATO dies without the USA.  NATO are nowhere near meeting NATO 2%.  Trudeau'll even greese meets it's funding obligations.,t1,Q8619,['Trudeau'],NA,male,NA,Canada,1919-10-18T00:00:00Z,leader of the Liberal Party of Canada,Liberal Party of Canada,Elliott,Trudeau,FALSE,TRUE,FALSE,FALSE,[],"['die', 'meet', 'meet', 'be']","['%', 'greese', 'funding', 'obligation']",[],[],[],0.7395,0.5245,0.72,canada,0
eg3o66b,Bernier is way too close to these alt-right racists. I wonder why these alt-right racists flock to Bernier like a moths to a flame.,t3,Q516940,['Bernier'],NA,male,NA,Canada,1963-01-18T00:00:00Z,Minister of Small Business and Tourism,People's Party of Canada,Maxime,Bernier,FALSE,TRUE,FALSE,FALSE,"['close', 'alt', 'right', 'right']","['wonder', 'alt', 'flock']","['name', 'racist', 'racist', 'name', 'moth', 'flame']","['close', 'way', 'too']",['be'],"['nsubj', 'pobj']",0.1765882352941176,0.1200882352941176,0.1559411764705882,canada,2
e2ltj59,Happy to see that Trudeau is keeping that racist MP Celina Caesar-ChavannesURL out of cabinet.,t3,Q8619,['Trudeau'],NA,male,NA,Canada,1919-10-18T00:00:00Z,leader of the Liberal Party of Canada,Liberal Party of Canada,Elliott,Trudeau,FALSE,TRUE,FALSE,FALSE,"['happy', 'racist']","['see', 'keep']","['name', 'cabinet']",[],['keep'],['nsubj'],0.5688333333333334,0.4271666666666667,0.5281666666666667,canada,1
e2dl495,"""As a government we take any allegations of misconduct extremely seriously, and we believe that it is important to support women who come forward with allegations and that is exactly what our government will do.""So when is Trudeau stepping down?",t1,Q8619,['Trudeau'],NA,male,NA,Canada,1919-10-18T00:00:00Z,leader of the Liberal Party of Canada,Liberal Party of Canada,Elliott,Trudeau,FALSE,TRUE,FALSE,FALSE,['important'],"['take', 'believe', 'support', 'come', 'be', 'do', 'step']","['government', 'allegation', 'misconduct', 'woman', 'allegation', 'government', 'name']",['when'],['be'],['nsubj'],0.5962857142857143,0.4878571428571429,0.6250714285714284,canada,2
f0w613m,"You’re missing the point. Nobody is concerned if Trudeau is a racist, Trudeau is a racist’re concerned about Trudeau hypocrisy. That term has  been completely diluted in weight anyway. We all know that if this was anybody else Trudeau would be up in arms screaming for their dismissal, yet when Trudeau does it it’s all ‘’they must be remembering it differently’ so it’s a big nothing burger. his hypocrisy has to end. Put simply, If Trudeau wasn’t so arrogantly virtue signaling and labeling others racist it wouldn’t be a thing.",t1,Q3099714,['Trudeau'],NA,male,NA,Canada,1971-12-25T00:00:00Z,leader of the Liberal Party of Canada,Liberal Party of Canada,Justin,Trudeau,FALSE,TRUE,FALSE,FALSE,"['concerned', 'concerned', 'big', 'virtue', 'racist']","['miss', 'be', 'have', 'dilute', 'know', 'be', 'be', 'scream', 'do', '’', 'remember', '’', 'have', 'end', 'put', 'signal', 'label', 'be']","['point', 'name', 'racist', 'name', 'name', 'hypocrisy', 'term', 'weight', 'name', 'arm', 'dismissal', 'name', 'burger', 'hypocrisy', 'name', 'other', 'thing']","['racist', 'when']","['be', 'be', 'be', 'do', 'be']","['dep', 'dep', 'pobj', 'npadvmod', 'dep', 'nsubj']",0.1457083333333333,0.1279416666666666,0.1419083333333333,canada,3
f5uquf2,"Scheer doesn't believe in climate changeAs in Scheer riding, or the people across Canada that voted for Scheer?",t1,Q2846724,['Scheer'],NA,male,NA,Canada,1979-05-20T00:00:00Z,leader of the Conservative Party of Canada,Saskatchewan Party,Andrew,Scheer,FALSE,TRUE,FALSE,FALSE,[],"['believe', 'vote']","['name', 'climate', 'name', 'riding', 'people', 'name']",['riding'],['believe'],"['dep', 'pobj', 'pobj']",0.1583214285714285,0.0915714285714285,0.1260714285714285,canada,0
eg31r17,"Obama submitted Obama’s birth certificate in 2007.Birtherism is racism, you poor idiot.",t1,Q76,['Obama'],1549714355,male,African Americans,United States of America,1961-08-04T00:00:00Z,President of the United States,Democratic Party,Barack,Obama,FALSE,TRUE,FALSE,FALSE,['poor'],"['submit', 'be']","['name', 'name', 'birth', 'certificate', 'racism', 'idiot']",[],['submit'],"['dep', 'dep']",0.1679999999999999,0.17,0.1473157894736842,democrats,3
efah6ue,"I am going with; ""Nancy Pelosi has Putin's emails""..... /s",t3,Q170581,['Nancy Pelosi'],1548791822,female,Italian American,United States of America,1940-03-26T00:00:00Z,United States representative,Democratic Party,Nancy,Pelosi,FALSE,FALSE,TRUE,FALSE,[],"['go', 'have']","['name', 'email']",['email'],['have'],['dep'],0.573,0.3,0.415,democrats,3
ej402b0,"Steve King is still in office, you poor dear.",t1,Q749710,['Steve King'],1553256077,male,NA,United States of America,1949-05-28T00:00:00Z,member of the State Senate of Iowa,Republican Party,Steve,King,FALSE,FALSE,TRUE,FALSE,['poor'],[],"['name', 'office']",['still'],['be'],['dep'],0.1696666666666666,0.1161666666666666,0.1366666666666666,democrats,0
e955jgw,I’m in Texas! Just visiting though. I wish I could vote Beto.,t3,Q4014532,['Beto'],1541480001,male,NA,United States of America,1972-09-26T00:00:00Z,United States representative,Democratic Party,Beto,O'Rourke,TRUE,FALSE,FALSE,FALSE,[],"['’m', 'visit', 'wish', 'vote']",['name'],[],['vote'],['dobj'],0.66375,0.45575,0.5575,democrats,0
ejduybm,"I will not be moving on past this if the Dems do not do literally everything to get release of the full report.I’m done moving on. The subpoenas should have already been served. I’ve moved on too many times in this presidency already. I don’t think the Democratic Party fully grasps how bad letting this slide with a summary from Barr being the stand in for the actual report will be. I hope the Democratic Party do, but I feel like I am already seeing the usual “trust the process,” “it’s in the past” nonsense I’ve heard too many times in the past 3 years. This is serious, and the Dems better realize the Dems.",t3,Q723917,['Barr'],1553562972,male,NA,United States of America,1950-05-23T00:00:00Z,United States Attorney General,Republican Party,Pelham,Barr,FALSE,TRUE,FALSE,FALSE,"['full', 'many', 'bad', 'actual', 'usual', 'many', 'past', 'serious']","['move', 'do', 'get', 'do', 'move', 'serve', 'move', 'think', 'grasp', 'let', 'be', 'be', 'hope', 'do', 'feel', 'see', 'trust', '’', 'hear', 'realize']","['release', 'report', 'subpoena', 'time', 'presidency', 'slide', 'summary', 'name', 'stand', 'report', 'process', 'past', 'nonsense', 'time', 'year']",[],[],['pobj'],0.2146397058823529,0.15175,0.1847058823529411,democrats,1
emdy1b3,Bill Barr refused to testify to congress about many issues and nothing happened to Bill Barr. I don't understand why people think Trump is an aberration. Many of the things Trump's doing were done by Obama. Democrats didn't seem to have a problem with it.,t3,Q22686,['Trump'],1556862835,male,NA,United States of America,1946-06-14T00:00:00Z,President of the United States,Republican Party,Donald,Trump,FALSE,TRUE,FALSE,FALSE,"['many', 'many']","['refuse', 'testify', 'congress', 'happen', 'understand', 'think', 'do', 'do', 'seem', 'have']","['issue', 'people', 'name', 'aberration', 'thing', 'name', 'problem']","['aberration', 'many']","['be', 'do']","['dep', 'dep']",0.1397321428571428,0.1268571428571428,0.1441785714285714,democrats,2
e9rmk0d,But Trump’s not really... it’s all a big mess,t1,Q22686,['Trump'],1542311127,male,NA,United States of America,1946-06-14T00:00:00Z,President of the United States,Republican Party,Donald,Trump,FALSE,TRUE,FALSE,FALSE,['big'],"['’', '’']","['name', 'mess']",['really'],['’'],['dep'],0.506,0.577,0.5,democrats,1
ekjewv8,"the quote doesn’t represent majority or any noticeable minority. you were answering like the quote does.I hope the rest then wake the fuck up and realize they are being abused. the quote is at the very least honest and realises what is being done to the quote. the dependence of voter turnout percentage from the overall number of votes should have a shape of gaussian distribution. such giant spikes are abnormal, and only presented in a Poroshenko’s curve. and no, this cannot be explained by regional stratification or whatever.  Sorry, I'm not a polsoc student so I have no idea what you're talking about and how it relates to the graph you showed to me. If you're claiming Poroshenko committed voter fraud - where is this displayed and proven in the graph, and, if the election was indeed rigged, why has not OSCE, which monitored Russian elections, come out and said this?",t1,Q58077,['Poroshenko'],1554894891,male,NA,Ukraine,1965-09-26T00:00:00Z,People's Deputy of Ukraine,European Solidarity,Petro,Poroshenko,FALSE,TRUE,FALSE,FALSE,"['noticeable', 'honest', 'overall', 'gaussian', 'such', 'giant', 'abnormal', 'regional', 'russian']","['represent', 'answer', 'do', 'hope', 'wake', 'realize', 'abuse', 'realise', 'do', 'have', 'present', '’', 'explain', 'be', 'have', 'talk', 'relate', 'show', 'claim', 'commit', 'display', 'prove', 'rig', 'monitor', 'come', 'say']","['quote', 'majority', 'minority', 'quote', 'rest', 'fuck', 'quote', 'quote', 'dependence', 'voter', 'turnout', 'percentage', 'number', 'vote', 'shape', 'distribution', 'spike', 'name', 'curve', 'stratification', 'polsoc', 'student', 'idea', 'graph', 'name', 'voter', 'fraud', 'graph', 'election', 'election']",[],['commit'],"['pobj', 'dep']",0.1554033149171271,0.1199558011049723,0.1480883977900552,europe,0
egx6qt5,"If you (not you personally, but a general ‘you’ here) had absolutely no idea who Theresa May', 'Theresa was until Theresa May', 'Theresa was suddenly the front runner alongside Andrea Leadsom for the top job, then sure, I can understand why you would think that.But one quick look at Brit voting record as well as Brit time as Home Secretary suggests nothing but the opposite.",t1,Q264766,"['Theresa May', 'Theresa']",1550711748,female,White British,United Kingdom,1956-10-01T00:00:00Z,Member of the 58th Parliament of the United Kingdom,Conservative Party,Theresa,Brasier,TRUE,FALSE,FALSE,FALSE,"['general', 'front', 'top', 'quick']","['have', 'be', 'understand', 'think', 'suggest']","['idea', 'name', 'name', 'runner', 'job', 'look', 'voting', 'record', 'time', 'opposite']",[],['be'],"['nsubj', 'pobj']",0.2041333333333333,0.1380666666666666,0.1836933333333333,europe,0
ek0h9uw,"You'd be wrong I think, since Merkel has been in politics since 1991. I'd say being a politician for 28 years is being a career politician.",t1,Q567,['Merkel'],1554287368,female,NA,Germany,1954-07-17T00:00:00Z,Federal Chancellor of Germany,Christian Democratic Union,Angela,Merkel,FALSE,TRUE,FALSE,FALSE,['wrong'],"['be', 'think', 'be', 'say', 'be', 'be']","['name', 'politic', 'politician', 'year', 'career', 'politician']",[],['be'],['nsubj'],0.1494242424242424,0.1367272727272727,0.1892121212121212,europe,0
eb2fx9l,"Kosovo honors George HW Bush did almost nothing for Kosovo, but Kosovo honors George HW Bush was a great president and person nonetheless. May Kosovo honors George HW Bush atoms return to mother nature in peace.",t3,Q23505,['George HW Bush'],1543931718,male,Scotch-Irish Americans,United States of America,1924-06-12T00:00:00Z,United States representative,Republican Party,George,Bush,FALSE,FALSE,TRUE,FALSE,['great'],"['do', 'be', 'return']","['honor', 'name', 'honor', 'name', 'president', 'person', 'honor', 'name', 'atom', 'mother', 'nature', 'peace']",['honor'],[],"['appos', 'appos', 'nmod']",0.7302727272727274,0.3620909090909091,0.5739090909090908,europe,0
ew4yq7j,"Head of the German Foreign Ministry in Warsaw: Shame and moral responsibility German Foreign Minister Heiko Maas', 'Maas the German Foreign Ministry in WarsawWarsawGerman Foreign Minister Heiko Maas', 'Maas said in Warsaw that Germans must not forget the crimes they committed in PolandPoland. German Foreign Minister Heiko Maas', 'Maas came to celebrate the 75th anniversary of the outbreak of the Warsaw Uprisingthe outbreak of the Warsaw Uprisingthe Warsaw Uprising.German Foreign Minister Heiko Maas', 'Maas said during a joint press conference with the head of Polish diplomacy, Jacek Czaputowicz, that inviting German Foreign Minister Heiko Maas', 'Maas to the celebrations of the 75th anniversary of the outbreak of the Warsaw Uprising the outbreak of the Warsaw Uprising the Warsaw Uprising German Foreign Minister Heiko Maas', 'Maas considers as a ""special expression of trust"" that fills German Foreign Minister Heiko Maas', 'Maas with humility and gratitude. Humility results from the fact that, as German Foreign Minister Heiko Maas', 'Maas said, ""today and tomorrow we worship the incredible power of resistance that Poles showed against the Germans between August and October 1944"".Shame for the crimesHere, German Foreign Minister Heiko Maas', 'Maas mentioned the German resistance movement, which was commemorated, among other things, on 20 July, the anniversary of the attack on Hitler. While ""in Germany so few opposed the regime, and here in Warsaw so many"", ""it should reach the German consciousness even further,"" said German Foreign Minister Heiko Maas', 'Maas.""What the Germans did in Poland and the Poles can only be felt as a deep shame for,"" said German Foreign Minister Heiko Maas', 'Maas, emphasizing that the Germans are morally responsible for war crimes. In German Foreign Minister Heiko Maas', 'Maas opinion, many of German Foreign Minister Heiko Maas', 'Maas compatriots are aware of the suffering inflicted by German hands on Poles.Mutual trustAccording to German Foreign Minister Heiko Maas', 'Maas, 75 years after the Uprising, Germans and Poles have great trust in each other. ""We share the same values. These are the values for which so many Poles in the Home Army fought and died. Freedom and self-determination in Europe are the things that are extremely important to us"", said the head of German diplomacy. ""us are implementing a rich programme of last year's intergovernmental consultations. us have common goals in the European Union, which us want to strengthen from inside and from outside"", said German Foreign Minister Heiko Maas', 'Maas.Common objectives in foreign policyGerman Foreign Minister Heiko Maas', 'Maas believes that the common foreign and defence policy should be strengthened as a European pillar of NATO. German Foreign Minister Heiko Maas', 'Maas declared that Germany would cooperate with the new European Commission on this matter. German Foreign Minister Heiko Maas', 'Maas spoke about the cooperation between Poland and Germany in the UN Security Council, where a joint conference is planned during the Polish Presidency in August on the regulation of international law in the field of humanitarian aid. In this way, Poland and Germany are to strengthen the ""European voice in the UN"".Support for the idea of a monument to Polish victims""The visit of Minister Heiko Maas', 'Maas is a proof of close relations between Poland and Germany and of the importance Poland and Germany attach to a sincere, intensive dialogue between our countries,"" said Minister Jacek Czaputowicz.The head of Polish diplomacy praised the idea of building a monument to the Polish victims of World War II in Berlin. ""In our opinion, a monument should be a place of remembrance, reflection on the victims and have an educational value. In his opinion, the realization of this idea would be ""an important symbolic gesture and a signal of German empathy for Polish historical sensitivity"".About reparations not yetMinister Jacek Czaputowicz does not want to avoid difficult topics in mutual relations, including the issue of reparations. ""Poles have a sense of injustice or lack of compensation for the injustices and losses suffered as a result of warfare. This is a subject of public debate and we believe that there is no reason to avoid this topic in we mutual relations"", said the minister.However, it is not a subject of discussion at the level of governments, because the Ministry of Foreign Affairs is waiting for the results of the work of the parliamentary team headed by Andrzej Mularczyk, MP, who is to estimate the losses and the amount of reparations. Only then, in Czaputowicz's opinion, can the subject become a subject of discussion.Heiko Maas', 'Maas confirmed the German government's position that the issue of reparations is ""closed from a legal point of view"". Poles in GermanyThe head of the Polish Ministry of Foreign Affairs recalled that this year marks the 50th anniversary of the Polish Educational Society in Germany. ""It is important for Poles that Poles compatriots living in Germany can maintain their compatriots living in Germany knowledge of their compatriots living in Germany mother tongue and cultivate Polish culture and customs"", The head of the Polish Ministry of Foreign Affairs stressed.In the joint programme of both ministers, it was planned to lay flowers at the Warsaw Uprising Monument and the Monument to the Victims of Wola Massacre, visit the Warsaw Uprising Museum and meet Polish and German youth.",t3,Q108447,"['Heiko Maas', 'Maas']",1565121968,male,NA,Germany,1966-09-19T00:00:00Z,Federal Minister of Justice and Consumer Protection,Social Democratic Party of Germany,Heiko,Maas,FALSE,TRUE,TRUE,FALSE,"['german', 'moral', 'german', 'german', 'german', '75th', 'german', 'joint', 'polish', 'german', '75th', 'german', 'special', 'german', 'german', 'incredible', 'german', 'german', 'other', 'few', 'many', 'german', 'german', 'deep', 'german', 'responsible', 'german', 'many', 'german', 'aware', 'german', 'mutual', 'german', 'great', 'other', 'same', 'many', 'important', 'german', 'rich', 'last', 'intergovernmental', 'common', 'german', 'foreign', 'common', 'foreign', 'european', 'german', 'new', 'german', 'joint', 'international', 'humanitarian', 'european', 'close', 'sincere', 'intensive', 'polish', 'polish', 'educational', 'important', 'symbolic', 'german', 'polish', 'historical', 'difficult', 'mutual', 'public', 'mutual', 'parliamentary', 'german', 'closed', 'legal', '50th', 'important', 'polish', 'joint', 'polish', 'german']","['say', 'forget', 'commit', 'come', 'celebrate', 'say', 'invite', 'consider', 'fill', 'result', 'say', 'worship', 'show', 'mention', 'commemorate', 'oppose', 'reach', 'say', 'do', 'feel', 'say', 'emphasize', 'inflict', 'have', 'share', 'fight', 'die', 'be', 'say', 'implement', 'have', 'want', 'strengthen', 'say', 'believe', 'strengthen', 'declare', 'cooperate', 'speak', 'plan', 'strengthen', 'attach', 'say', 'praise', 'build', 'be', 'have', 'be', 'want', 'avoid', 'include', 'have', 'suffer', 'believe', 'avoid', 'say', 'wait', 'head', 'be', 'estimate', 'become', 'confirm', 'recall', 'mark', 'live', 'maintain', 'live', 'live', 'cultivate', 'stress', 'plan', 'lay', 'visit', 'meet']","['head', 'shame', 'responsibility', 'name', 'name', 'crime', 'name', 'anniversary', 'outbreak', 'outbreak', 'name', 'press', 'conference', 'head', 'diplomacy', 'name', 'celebration', 'anniversary', 'outbreak', 'outbreak', 'name', 'expression', 'trust', 'name', 'humility', 'gratitude', 'humility', 'fact', 'name', 'today', 'tomorrow', 'power', 'resistance', 'shame', 'crimesHere', 'name', 'resistance', 'movement', 'thing', 'anniversary', 'attack', 'regime', 'consciousness', 'shame', 'name', 'war', 'crime', 'name', 'opinion', 'name', 'compatriot', 'suffering', 'hand', 'name', 'year', 'trust', 'value', 'value', 'freedom', 'self', 'determination', 'thing', 'head', 'diplomacy', 'programme', 'year', 'consultation', 'goal', 'objective', 'policygerman', 'name', 'defence', 'policy', 'pillar', 'name', 'matter', 'name', 'cooperation', 'conference', 'regulation', 'law', 'field', 'aid', 'way', 'voice', 'support', 'idea', 'monument', 'visit', 'name', 'proof', 'relation', 'importance', 'dialogue', 'country', 'head', 'diplomacy', 'idea', 'monument', 'victim', 'opinion', 'monument', 'place', 'remembrance', 'reflection', 'victim', 'value', 'opinion', 'realization', 'idea', 'gesture', 'signal', 'empathy', 'sensitivity""', 'reparation', 'yetminister', 'topic', 'relation', 'issue', 'reparation', 'pole', 'sense', 'injustice', 'lack', 'compensation', 'injustice', 'loss', 'result', 'warfare', 'subject', 'debate', 'reason', 'topic', 'relation', 'minister', 'subject', 'discussion', 'level', 'government', 'result', 'work', 'team', 'loss', 'amount', 'reparation', 'opinion', 'subject', 'subject', 'government', 'position', 'issue', 'reparation', 'point', 'view', 'pole', 'head', 'year', 'anniversary', 'compatriot', 'compatriot', 'knowledge', 'compatriot', 'mother', 'tongue', 'culture', 'custom', 'head', 'programme', 'minister', 'flower', 'youth']","['german', 'german', 'german', 'german', 'german', 'german', 'german', 'german', 'german', 'german', 'policygerman', 'foreign', 'german', 'german']",[],"['appos', 'appos', 'appos', 'appos', 'appos', 'appos', 'appos', 'appos', 'appos', 'appos', 'nmod', 'nmod', 'appos', 'appos', 'appos', 'appos', 'pobj']",0.210103842159917,0.1637455867082035,0.2084818276220145,europe,0
eplzud5,Jeremy Corbyn had Jeremy Corbyn honeymoon in East Germany and there is a famous photo of Jeremy Corbyn grinning at Chavez like a five year old looks at ice cream,t1,Q291169,['Jeremy Corbyn'],1559306160,male,NA,United Kingdom,1949-05-26T00:00:00Z,Member of the 58th Parliament of the United Kingdom,Labour Party,Jeremy,Corbyn,FALSE,FALSE,TRUE,FALSE,"['famous', 'old']","['have', 'be', 'grin']","['name', 'name', 'honeymoon', 'photo', 'name', 'year', 'look', 'ice', 'cream']","['honeymoon', 'name']",['have'],"['dep', 'nmod', 'pobj']",0.2473333333333333,0.1391212121212121,0.161030303030303,europe,0
edzyrmw,"Lukashenko has every reason to be afraid. Lukashenko was a Russian puppet for many years, in a state deeply influenced economically by Russia and where the pro-russian sentiment was encouraged precisely by Lukashenko. What if Russia wants a new puppet? One that is more obedient and learns to keep Russia mouth shut?",t3,Q2866,['Lukashenko'],1547410089,male,Belarusians,Soviet Union,1954-08-30T00:00:00Z,member of the Supreme Soviet of Belarus,independent politician,Alexander,Lukashenka,FALSE,FALSE,FALSE,TRUE,"['afraid', 'russian', 'many', 'pro', '-', 'russian', 'new', 'obedient']","['have', 'be', 'influence', 'encourage', 'want', 'be', 'learn', 'keep', 'shut']","['name', 'reason', 'name', 'puppet', 'year', 'state', 'sentiment', 'name', 'puppet', 'mouth']","['reason', 'puppet', 'russian', 'precisely']","['have', 'be']","['nsubj', 'dep', 'pobj']",0.62305,0.3900499999999999,0.4915000000000001,europe,3
edv8x9r,"I cannot believe every story I\'ve read on Rahaf Alqunun this week, and now this, uncritically states Crown Prince Mohammed bin Salman lifted the ban on women driving—without mentioning all the female activists Crown Prince Mohammed bin Salman then imprisoned.\n\nAs Medea Benjamin said several months agoURL, ""It\'s just disgusting the way the western press is eating up the propaganda of the Saudi regime."" \n\n",t3,Q6892571,['Mohammed bin Salman'],NA,male,Arabs,Saudi Arabia,1985-08-31T00:00:00Z,Crown Prince of Saudi Arabia,NA,Mohammed,Salman,FALSE,FALSE,TRUE,FALSE,"['female', 'several', 'disgusting', 'western', 'saudi']","['believe', 'read', 'state', 'lift', 'drive', 'mention', 'say', 'eat']","['story', 'week', 'name', 'ban', 'woman', 'activist', 'name', 'month', 'way', 'press', 'propaganda', 'regime']",['then'],[],"['appos', 'appos']",0.6045238095238096,0.470142857142857,0.5983809523809523,feminisms,2
epsvlw7,What a fucking thug. Where was Kamala Harris security?,t3,Q10853588,['Kamala Harris'],NA,female,South Asian American,United States of America,1964-10-20T00:00:00Z,San Francisco District Attorney,Democratic Party,Kamala,Harris,FALSE,FALSE,TRUE,FALSE,['fucking'],[],"['thug', 'name', 'security']",['where'],[],['nmod'],0.1565833333333333,0.1961666666666666,0.1910833333333333,feminisms,0
e9a1694,"And Stacey Abrams has not conceded!\n\nAs the vote-counting continued, voting rights advocates accused Kemp—who as secretary of state is Georgia’s top election officer—and local officials of disenfranchising thousands of voters on Election Day. Hundreds of complaints flooded in about hours-long lines brought on by broken equipment, a shortage of voting machines, and insufficient quantities of printed provisional ballots.\n\nOn Wednesday evening, Kemp was ahead with 50.3 percent of the vote to Abrams’s 48.7 percent. Stacey Abrams and the Libertarian candidate would need to gain at least 25,000 votes more than Kemp to bring Kemp share of the vote below 50 percent and trigger a runoff. ...\n\n“From our vantage point, this was an intentional system failure in targeting communities where African Americans made up a high percentage of active voters,” said NAACP President Derrick Johnson. ...\n\nIn addition, election monitors from civil rights groups said hundreds of voters whose registrations had been suspended under a strict new law, one championed by Kemp, were improperly turned away. ... Another problem was the limited number of voting machines in some locations. More than 1,800 machines sat idle in storage in three of the state’s largest and most heavily Democratic counties. WPURL",t3,Q357676,['Kemp'],NA,male,NA,United States of America,1935-07-13T00:00:00Z,United States representative,Republican Party,Jack,Kemp,FALSE,TRUE,FALSE,FALSE,"['top', 'local', 'long', 'broken', 'insufficient', 'provisional', 'libertarian', 'more', 'intentional', 'high', 'active', 'civil', 'strict', 'new', 'limited', 'More', 'idle', 'large', 'democratic']","['continue', 'accuse', 'disenfranchise', 'flood', 'bring', 'print', 'need', 'gain', 'bring', 'trigger', 'target', 'make', 'say', 'say', 'suspend', 'champion', 'turn', 'sit']","['vote', 'counting', 'voting', 'right', 'advocate', 'secretary', 'state', 'election', 'officer', 'official', 'thousand', 'voter', 'hundred', 'complaint', 'hour', 'line', 'equipment', 'shortage', 'voting', 'machine', 'quantity', 'evening', 'name', 'percent', 'vote', 'percent', 'candidate', 'vote', 'name', 'name', 'share', 'vote', 'percent', 'runoff', 'vantage', 'point', 'system', 'failure', 'community', 'percentage', 'voter', 'addition', 'election', 'monitor', 'right', 'group', 'hundred', 'voter', 'registration', 'law', 'name', 'problem', 'number', 'voting', 'machine', 'location', 'machine', 'storage', 'state', 'county']","['shortage', 'quantity']",[],"['appos', 'pobj', 'nmod', 'pobj']",0.5432647058823531,0.449279411764706,0.5399705882352942,feminisms,0
epusxsx,Kamala Harris handed a white dude with a manbun the mic before a white dude with a manbun even asked forthe mic.  What a hoax,t3,Q10853588,['Kamala Harris'],NA,female,South Asian American,United States of America,1964-10-20T00:00:00Z,San Francisco District Attorney,Democratic Party,Kamala,Harris,FALSE,FALSE,TRUE,FALSE,"['white', 'white']","['hand', 'ask']","['name', 'dude', 'manbun', 'mic', 'dude', 'manbun', 'mic', 'hoax']","['dude', 'white', 'mic']",['hand'],['dep'],0.1355357142857143,0.0733571428571428,0.0995714285714285,feminisms,0
e6iudd2,"Not to mention that this idea of youthful indiscretions is only being applied to rich white men. Apparently it's logical that Kavanaugh shouldn't be punished for assaulting someone because Kavanaugh was young, but that young black kid who is languishing in jail for a non-violent drug offence totally deserves it.",t3,Q4962244,['Kavanaugh'],NA,male,NA,United States of America,1965-02-12T00:00:00Z,Judge of the United States Court of Appeals for the D.C. Circuit,Republican Party,Brett,Kavanaugh,FALSE,TRUE,FALSE,FALSE,"['youthful', 'rich', 'white', 'logical', 'young', 'young', 'black', 'non', '-', 'violent']","['mention', 'apply', 'punish', 'assault', 'be', 'languish', 'deserve']","['idea', 'indiscretion', 'man', 'name', 'name', 'kid', 'jail', 'drug', 'offence']",['young'],"['punish', 'be']","['nsubjpass', 'dep']",0.5547142857142857,0.5088095238095238,0.5251428571428571,feminisms,2
etjmp94,"That's Mexico City (first Woman) mayor party's whole schtick tbh. Claim to be progressive and leftist, but Claim're actually made up from the old guard Claim're always rallying against. Some of Claim best hits so far include making away with women's shelters and public daycares, slashing funding for fire brigades and creating a pollution crisis in the Valley region this past wildfire season, and playing along to Trump's xenophobic tendencies and detaining and deporting asylum seekers.All this is easily found, I would link to news articles but I'm on mobile.",t1,Q22686,['Trump'],NA,male,NA,United States of America,1946-06-14T00:00:00Z,President of the United States,Republican Party,Donald,Trump,FALSE,TRUE,FALSE,FALSE,"['first', 'whole', 'progressive', 'leftist', 'old', 'good', 'public', 'past', 'xenophobic']","['be', 'make', 'rally', 'include', 'make', 'slash', 'create', 'play', 'detain', 'deport', 'find', 'link', 'be']","['mayor', 'party', 'schtick', 'claim', 'guard', 'claim', 'hit', 'woman', 'shelter', 'daycare', 'funding', 'fire', 'brigade', 'pollution', 'crisis', 'region', 'wildfire', 'season', 'name', 'tendency', 'asylum', 'seeker', 'news', 'article', 'mobile']",[],[],['pobj'],0.1734722222222222,0.1510277777777778,0.1685555555555555,feminisms,2
f7itu66,"Not sure how these comments are different from Obama saying Obama was ""evolving"" on gay marriage.  It seems to me pretty clear that the Clinton women are trying to speak across generations and bring the conversation to where we can listen and see if there is a way forward in alliance that does not alienate trans folks or older women with a more biologically-based definition of sex.  Of course we don't want to support people who exclude trans women, but that didn't seem to me where Clinton was going with this -- it seemed to me Clinton was thinking of those older people who are politically progressive but may not be fully up on the current conversation around trans issues.  those older people who are politically progressive but may not be fully up on the current conversation around trans issues very well may be willing to support the cause but those older people who are politically progressive but may not be fully up on the current conversation around trans issues need to learn about the cause first.  It would be great if the world could change over night, but that is not the way it works, it takes time.",t3,Q1124,['Clinton'],NA,male,white people,United States of America,1946-08-19T00:00:00Z,Attorney General of Arkansas,Democratic Party,Bill,Clinton,FALSE,TRUE,FALSE,FALSE,"['sure', 'different', 'gay', 'clear', 'trans', 'old', 'trans', 'old', 'progressive', 'current', 'trans', 'old', 'progressive', 'current', 'trans', 'willing', 'old', 'progressive', 'current', 'trans', 'great']","['say', 'evolve', 'seem', 'try', 'speak', 'bring', 'listen', 'see', 'alienate', 'base', 'want', 'support', 'exclude', 'seem', 'go', 'seem', 'think', 'be', 'be', 'be', 'be', 'be', 'support', 'be', 'be', 'need', 'learn', 'be', 'change', 'be', 'work', 'take']","['comment', 'marriage', 'name', 'woman', 'generation', 'conversation', 'way', 'alliance', 'folk', 'woman', 'definition', 'sex', 'people', 'woman', 'name', 'name', 'people', 'conversation', 'issue', 'people', 'conversation', 'issue', 'cause', 'people', 'conversation', 'issue', 'cause', 'world', 'night', 'way', 'time']","['woman', 'where']","['try', 'go', 'think']","['nsubj', 'dep', 'nsubj']",0.2065067264573991,0.1315515695067264,0.175269058295964,feminisms,2
esbgovb,"Who's panicking? I am simply pointing out the absurdity of all that is happening around us. Why are you panicking when I am doing that?...you said that a bloody revolution will happen and nothing can stop that. I told you to stop panicking.I will stop debating if you just want to win rather than talk.And you know this how? Are you privy to some internal meetings of the BJP? All both of us know is that she was given a ticket despite being a terror accused and she won with a huge majority. Everything else is just conjecture.So it is. Then let's stop any further ""conjecture"".You don't see a similarity in how Tabrez and Owaisi was treated? Ok, maybe it's just me 'panicking'.One was beaten up and lynched and the other was heckled once alongside many, many more non muslim MPs.Perspective, dude. I'm surprised you did not know about this. You should check whether you are stuck in a bubble or echo chamber. I'm not ridiculing you, it will happen to all of us, such is the nature of social media and all of us us should do some self-checks to make sure us aren't only seeing news that us want to see.And the same can happen to you. by whom? on whom?Media. Opposition. Netizens.Modi is hardly invincible. Modi loses elections all the time.I wasn't misquoting Modi I copied it from here:So you were. Removing the entire speech to frame a single part in another context.This is the kind of stuff that drives neutral voters into neutral voters camp. The idea that we are selling a false narrative to drive we agendas. Let's not prove the right wing right.How lucky we are... Pretty high standards right there...Pretty high standards right there... are. 1984 is not that long ago for many.o your entire argument is that all of these things are happening but it isn't bad yet so don't panic, we will have plenty of time for that? That is not how democracy works. You should always criticize the establishment and hold the establishment accountable. Anyway, I'll wait for your go ahead to start panicking...Criticise, yes. But don't run around like a headless chicken proclaiming disaster. That makes us look irrational and stupid, and makes the other side look decisive and stoic.This is why Modi trounced Gandhi.",t1,Q1058,['Modi'],NA,male,Modh,India,1950-09-17T00:00:00Z,Member of the 17th Lok Sabha,Bharatiya Janata Party,Narendra,Modi,FALSE,TRUE,FALSE,FALSE,"['bloody', 'privy', 'internal', 'huge', 'conjecture', 'other', 'many', 'many', 'more', 'non', 'muslim', 'surprised', 'such', 'social', 'sure', 'same', 'invincible', 'entire', 'single', 'neutral', 'neutral', 'false', 'right', 'lucky', 'high', 'high', 'entire', 'bad', 'accountable', 'headless', 'irrational', 'stupid', 'other', 'decisive', 'stoic']","['panic', 'point', 'happen', 'panic', 'do', 'say', 'happen', 'stop', 'tell', 'stop', 'panic', 'stop', 'debate', 'want', 'win', 'talk', 'know', 'know', 'give', 'be', 'accuse', 'win', 'let', 'stop', 'see', 'treat', 'beat', 'lynch', 'heckle', 'be', 'know', 'check', 'stick', 'ridicule', 'happen', 'do', 'make', 'see', 'want', 'see', 'happen', 'lose', 'misquote', 'copy', 'remove', 'frame', 'drive', 'sell', 'drive', 'let', 'prove', 'be', 'happen', 'be', 'panic', 'have', 'work', 'criticize', 'hold', 'wait', 'go', 'start', 'panic', 'criticise', 'run', 'proclaim', 'make', 'look', 'make', 'look', 'trounce']","['absurdity', 'that?', 'revolution', 'meeting', 'ticket', 'terror', 'majority', 'conjecture""', 'similarity', ""panicking'"", 'mps', 'perspective', 'dude', 'bubble', 'echo', 'chamber', 'nature', 'medium', 'self', 'check', 'news', 'whom?Media', 'opposition', 'name', 'election', 'time', 'speech', 'part', 'context', 'kind', 'stuff', 'voter', 'voter', 'camp', 'idea', 'narrative', 'agenda', 'wing', 'right', 'standard', 'standard', 'argument', 'thing', 'plenty', 'time', 'democracy', 'establishment', 'establishment', 'chicken', 'disaster', 'side', 'name']","['election', 'time', 'why']","['lose', 'misquote', 'trounce']","['dep', 'dep', 'dep']",0.1530104821802933,0.1315513626834381,0.147392033542977,india,0
ehjn2t4,"Why Modi dont hold the press conference, but even out robot hold press conferences. Modi must be scared that reporters will tear apart all Modi made up image",t3,Q1058,['Modi'],NA,male,Modh,India,1950-09-17T00:00:00Z,Member of the 17th Lok Sabha,Bharatiya Janata Party,Narendra,Modi,FALSE,TRUE,FALSE,FALSE,['scared'],"['hold', 'hold', 'be', 'tear', 'make']","['name', 'press', 'conference', 'robot', 'press', 'conference', 'name', 'reporter', 'name', 'image']","['why', 'conference', 'press', 'scared', 'reporter', 'apart']","['hold', 'be', 'tear']","['dep', 'dep', 'dobj']",0.2296486486486487,0.1821351351351351,0.1982432432432432,india,3
e8s2p3o,RaGa is on fire. RaGa was damn right about Modi and Rafale. Modi is desperately trying to cover Modi and Rafale up and Modi and Rafale's leaking out  of every opening.\n\nI suppose Modi and Rafale have snitches and inside info even though Modi and Rafale can't share any of it.,t3,Q1058,['Modi'],NA,male,Modh,India,1950-09-17T00:00:00Z,Member of the 17th Lok Sabha,Bharatiya Janata Party,Narendra,Modi,FALSE,TRUE,FALSE,FALSE,"['right', 'inside']","['try', 'cover', 'leak', 'suppose', 'have', 'share']","['fire', 'name', 'name', 'name', 'name', 'name', 'snitch', 'info', 'name']",['desperately'],"['try', 'cover', 'suppose']","['pobj', 'dep', 'dobj', 'conj', 'parataxis', 'conj']",0.5616666666666668,0.3996,0.4891333333333333,india,3
eohlnb9,"I dunno what I wanted from this election and how I feel about the results. &amp;#x200B;I did not want Modi to be in power. Modi is destroying the country's checks and balances in the form of the country independent institutions and the social fabric imo. &amp;#x200B;On the other hand, Modi would be a useless PM. Given the Modi government's many failings, Modi has ample opportunity to highlight the Modi government's many failings this election and has instead let the BJP control the agenda. Modi has demonstrated Modi to be incompetent again and again. The Congress's corruption and minority appeasement has led to this day anyway. &amp;#x200B;The absolute worst case scenario would be some ragtag coalition of regional parties gaining power with somebody like Mayavati or Mamata becoming PM. &amp;#x200B;In other words, the candidate I want to lead the country was not in the running in this election. Why The Congress cannot get The Congress act together, finally abandon the Nehru-Gandhi family and promote some of the Nehru-Gandhi family good leaders who can communicate effectively to counter the BJP is beyond me. the BJP must do so immediately before the BJP grassroots network is completely eradicated.",t3,Q1058,['Modi'],NA,male,Modh,India,1950-09-17T00:00:00Z,Member of the 17th Lok Sabha,Bharatiya Janata Party,Narendra,Modi,FALSE,TRUE,FALSE,FALSE,"['independent', 'social', 'other', 'useless', 'many', 'ample', 'many', 'incompetent', 'absolute', 'bad', 'ragtag', 'regional', 'other', 'good']","['dunno', 'want', 'feel', 'want', 'be', 'destroy', 'be', 'give', 'have', 'highlight', 'let', 'control', 'demonstrate', 'be', 'lead', 'be', 'gain', 'become', 'want', 'lead', 'get', 'act', 'abandon', 'promote', 'communicate', 'counter', 'do', 'eradicate']","['election', 'result', 'name', 'power', 'name', 'country', 'check', 'balance', 'form', 'country', 'institution', 'fabric', 'hand', 'name', 'pm', 'name', 'government', 'failing', 'name', 'opportunity', 'name', 'government', 'failing', 'election', 'agenda', 'name', 'name', 'corruption', 'minority', 'appeasement', 'day', 'case', 'scenario', 'coalition', 'party', 'power', 'pm', 'word', 'candidate', 'country', 'running', 'election', 'family', 'family', 'leader', 'grassroot', 'network']","['check', 'country', 'balance', 'imo', 'hand', 'other', 'pm', 'useless', 'opportunity', 'ample']","['want', 'destroy', 'be', 'have', 'demonstrate']","['dep', 'nsubj', 'dep', 'nmod', 'dep', 'nmod', 'dep', 'dep']",0.1974560669456066,0.1466527196652719,0.1923179916317991,india,1
f8e967u,NCP NCP isn't going with BJPShah again checkmated by NCP's Ajit Pawar.Shah has n clue who NCP's Ajit Pawar is dealing with. Get ready for a split in BJP,t1,Q4699799,['Ajit Pawar'],NA,male,NA,India,1959-07-22T00:00:00Z,member of the Lok Sabha,Nationalist Congress Party,Ajit,Pawar,FALSE,FALSE,TRUE,FALSE,['ready'],"['go', 'checkmate', 'have', 'clue', 'deal', 'get']","['name', 'split']",[],['deal'],['nsubj'],0.1118823529411764,0.0792647058823529,0.0926470588235294,india,0
exsd1m1,I don't know if this is just a conspiracy or whether it's true anymore. Did Nehru really bang Edwina or is it just Propoganda ?,t3,Q1660170,['Edwina'],NA,female,NA,United Kingdom,1946-10-13T00:00:00Z,Member of the 51st Parliament of the United Kingdom,Conservative Party,Edwina,Currie,TRUE,FALSE,FALSE,FALSE,['true'],"['know', 'be', 'bang', 'be']","['conspiracy', 'name']",['really'],['bang'],['dobj'],0.1098,0.1127666666666666,0.1274666666666667,india,0
eba3s1i,"NOTA does matter. We need to reject bad candidates. We need to send a message that We deserve better. If enough people vote NOTA, people will sit up and take notice. IF everyone thinks NOTA does not matter and we should pick the one we hate the least, then things will never, ever change.My name was missing from the rolls. Maybe because I have been very vocal about my hate for Modi recently. :-(",t1,Q1058,['Modi'],NA,male,Modh,India,1950-09-17T00:00:00Z,Member of the 17th Lok Sabha,Bharatiya Janata Party,Narendra,Modi,FALSE,TRUE,FALSE,FALSE,"['bad', 'enough', 'least', 'vocal']","['matter', 'need', 'reject', 'need', 'send', 'deserve', 'vote', 'sit', 'take', 'think', 'matter', 'pick', 'hate', 'change', 'miss', 'be']","['candidate', 'message', 'people', 'people', 'notice', 'one', 'thing', 'name', 'roll', 'hate', 'name']",[],[],['pobj'],0.5198214285714287,0.4524285714285714,0.4597142857142856,india,2
f1osboj,Eoghan Murphy's a complete disgrace.I think you are over estimating Eoghan Murphy.,t1,Q5381683,['Eoghan Murphy'],1569660503,male,NA,Ireland,1982-04-23T00:00:00Z,"Minister for Housing, Planning and Local Government",Fine Gael,Eoghan,Murphy,FALSE,FALSE,TRUE,FALSE,['complete'],"['think', 'estimate']","['name', 'disgrace', 'name']","['disgrace', 'complete']","['be', 'be']","['dep', 'attr']",0.1523888888888888,0.1085,0.1437777777777777,ireland,0
el99fj3,Maybe that's Gerry Adams beard replying ?,t3,Q76139,['Gerry Adams'],1555671296,male,NA,United Kingdom,1948-10-06T00:00:00Z,Member of the 50th Parliament of the United Kingdom,Sinn Féin,Gerard,Adams,FALSE,FALSE,FALSE,TRUE,[],['reply'],"['name', 'beard']","['maybe', 'beard']",['be'],['attr'],0.1181111111111111,0.0623333333333333,0.0873333333333333,ireland,0
e6ko5u4,Only the opening? Maybe Putin's just a true patriot that loves to hear the anthem played by a live band,t1,Q7747,['Putin'],1537825305,male,Russians,Russia,1952-10-07T00:00:00Z,Q38715852,Our Home – Russia,Vladimir,Putin,FALSE,TRUE,FALSE,FALSE,"['true', 'live']","['love', 'hear', 'play']","['opening', 'name', 'patriot', 'anthem', 'band']","['maybe', 'patriot', 'just', 'true']",['be'],['dep'],0.746875,0.48475,0.634,ireland,2
ewlvyoy,"Hungary, Slovenia, Austria, Germany, France. All Schengen borders that were crossed with no controls. Some of The Bataclan attackers were ""French"" or ""Belgian"" , some were not, but some still returned posing as refugees and using the open borders which Merkel et al gifted Some of the attackers on 2015 in order to carry out Some of the attackers attack.",t1,Q567,['Merkel'],1565537277,female,NA,Germany,1954-07-17T00:00:00Z,Federal Chancellor of Germany,Christian Democratic Union,Angela,Merkel,FALSE,TRUE,FALSE,FALSE,"['french', 'belgian', 'open']","['cross', 'return', 'pose', 'use', 'gift', 'carry']","['border', 'control', 'attacker', 'refugee', 'border', 'name', 'et', 'attacker', 'order', 'attacker', 'attack']","['border', 'open']",['use'],['ccomp'],0.0571216216216216,0.0478378378378378,0.0587027027027027,ireland,0
ej4w46o,"If it's a political football, then Fine Gael had the first kick of it's a political football when Enda Kenny turned the sod on the sod before the last election.",t3,Q57815,['Enda Kenny'],1553277945,male,NA,Ireland,1951-04-24T00:00:00Z,Minister for Defence,Fine Gael,Enda,Kenny,FALSE,FALSE,TRUE,FALSE,"['political', 'first', 'political', 'last']","['be', 'have', 'turn']","['football', 'kick', 'football', 'name', 'sod', 'sod', 'election']","['when', 'sod']",['turn'],['dep'],0.1887142857142856,0.1895428571428571,0.2054285714285714,ireland,0
fa7vral,"Hey also by the way guys, below are the best things i like coming out of Ireland;\- Guinness\- Rocky road to Dublin\- ""Sean Duffy"" novels by Andrew MCGinty.&amp;#x200B;Absolutely love them all.",t3,Q1729888,['Sean Duffy'],1575838699,male,NA,United States of America,1971-10-03T00:00:00Z,United States representative,Republican Party,Sean,Duffy,FALSE,FALSE,TRUE,FALSE,['good'],"['like', 'come', 'love']","['way', 'guy', 'thing', 'road', 'name', 'novel']","['novel', 'mcginty.&amp;#x200b;absolutely']",['love'],['dep'],0.1277777777777777,0.0699444444444444,0.0896111111111111,ireland,0
egzkheq,"as a marxist that is hilarious, Bernie Sanders is for social democracy at the most. \hes pretty vanilla all in all\(URL",t1,Q359442,['Bernie Sanders'],1550788559,male,Jewish people,United States of America,1941-09-08T00:00:00Z,"Mayor of Burlington, Vermont",Liberty Union Party,Bernard,Sanders,FALSE,FALSE,FALSE,TRUE,"['hilarious', 'social', 'most', 'pretty']",['be'],"['marxist', 'name', 'democracy', '\\he', 'vanilla', 'all\\(url']",[],['be'],['nsubj'],0.1829166666666667,0.1059166666666666,0.1354583333333333,ireland,0
fckcjhq,"Right off the bat, I see a problem with your analysis. IdeologyBidenSandersWarrenButtigieg:-:-:-:-:-Very liberal (28.5%)(2)14.023.033.79.7Somewhat liberal (37.2%)(2)22.019.717.014.7Moderate/Conservative (35.0%)(2)35.010.78.011.3Of course, the average voter's self-described political identity will frequently diverge from an appropriate descriptor of the average voter's self-described political identity actual views, but I think it's reasonable to use the very liberal subgroup as a rough proxy for the left wing of the Democratic Party.That is a really dishonest assumption to make, especially considering that most leftists do not consider most leftists or most leftists views ""very liberal."" Not even Sanders himself considers Not even Sanders himself or Not even Sanders himself views to be ""very liberal."" This, this reeks of participation bias, since This will only encourage selection of leftists who are willing to describe their views as ""very liberal,"" which is fewer than what we actually see in the Democratic Party.",t1,Q359442,['Sanders'],NA,male,Jewish people,United States of America,1941-09-08T00:00:00Z,"Mayor of Burlington, Vermont",Liberty Union Party,Bernard,Sanders,FALSE,TRUE,FALSE,FALSE,"['liberal', 'average', 'political', 'appropriate', 'average', 'political', 'actual', 'reasonable', 'liberal', 'rough', 'left', 'dishonest', 'most', 'most', 'most', 'liberal', 'liberal', 'willing', 'liberal', 'few']","['see', 'describe', 'diverge', 'describe', 'think', 'use', 'make', 'consider', 'consider', 'view', 'consider', 'view', 'be', 'encourage', 'be', 'describe', 'see']","['bat', 'problem', 'analysis', 'liberal', 'conservative', 'course', 'voter', 'self', 'identity', 'descriptor', 'voter', 'self', 'identity', 'view', 'subgroup', 'proxy', 'wing', 'assumption', 'leftist', 'leftist', 'leftist', 'name', 'name', 'name', 'reeks', 'participation', 'bias', 'selection', 'leftist', 'view']","['even', 'even', 'even']",['consider'],"['nsubj', 'ccomp', 'conj']",0.1892359550561798,0.1426179775280898,0.1869550561797752,neoliberal,0
e9p5ddc,"The UK wants to leave the Customs Union, but The UK can't leave the Customs Union without having to have a hard border between Northern Ireland and Ireland. The Good Friday agreement means that there cannot be a hard border between Northern Ireland and IrelandIreland.Several months ago, the EU and The UK agreed to have a backstop agreement as a plan of last resort in order to ensure that whatever happens, there will be an open border between Ireland and Northern Ireland so that the Irish peace process will not be undermined. Exactly what this backstop arrangement should be has been holding up progress. It looks like Theresa May has agreed to a backstop which would keep The UK The UK in the Customs Union. Because it is physically impossible to resolve the issue of leaving the Customs Union without having a hard border on the island of Ireland, The Good Friday agreement will kick in immediately on April 1st 2019 and The UK will remain in the Customs Union indefinitely until someone invents a magic customs enforcing forcefield, thereby rendering the entirety of brexit a complete farce, which it was always inexorably going to be.The Brexiters like Boris Johnson, David Davis and Jacob Rees-Mogg are livid because The UK will remain attached to the Customs Union but with no say whatsoever in EU laws. Remainers are less livid but annoyed because they've be saying that this was inevitable for two years but are less horrified than they might be because no-deal (self-inflicted cataclysm) is less likely that it was.This shitshow of a deal still needs sign-off from the cabinet, parliament and the EU27. There could yet be resignations, a vote of no confidence in May, a down vote of a deal, a rejection from the EU but with no say whatsoever in EU laws. It It passes, The UK remains in limbo forever. The obvious solution to all of this, of just snapping out of this fever dream and withdrawing article 50, remains off the table because everyone is either stupid, cowardly, ignorant, a con artist or completely in another reality.I wrote an even longer thing about this hereURL",t1,Q300023,['David Davis'],NA,male,NA,United Kingdom,1948-12-23T00:00:00Z,Member of the 58th Parliament of the United Kingdom,Conservative Party,David,Davis,FALSE,FALSE,TRUE,FALSE,"['hard', 'hard', 'several', 'last', 'open', 'irish', 'impossible', 'hard', 'magic', 'complete', 'livid', 'livid', 'annoyed', 'inevitable', 'horrified', 'likely', 'down', 'obvious', 'stupid', 'cowardly', 'ignorant', 'long']","['want', 'leave', 'leave', 'have', 'have', 'mean', 'be', 'agree', 'have', 'ensure', 'happen', 'be', 'undermine', 'hold', 'look', 'agree', 'keep', 'be', 'resolve', 'leave', 'have', 'kick', 'remain', 'invent', 'enforce', 'render', 'go', 'be', 'remain', 'attach', 'say', 'be', 'be', 'inflict', 'be', 'need', 'be', 'pass', 'remain', 'snap', 'withdraw', 'remain', 'be', 'write']","['border', 'agreement', 'border', 'month', 'backstop', 'agreement', 'plan', 'resort', 'order', 'border', 'peace', 'process', 'backstop', 'arrangement', 'progress', 'backstop', 'issue', 'border', 'island', 'agreement', '1st', 'custom', 'forcefield', 'entirety', 'brexit', 'farce', 'name', 'say', 'law', 'year', 'deal', 'self', 'cataclysm', 'shitshow', 'deal', 'sign', 'off', 'cabinet', 'parliament', 'resignation', 'vote', 'confidence', 'vote', 'deal', 'rejection', 'say', 'law', 'limbo', 'solution', 'fever', 'dream', 'article', 'table', 'con', 'artist', 'reality', 'thing']",[],[],['appos'],0.5790901639344265,0.4062540983606557,0.5279672131147543,neoliberal,0
eo8i05d,This right here is why we're gonna lose in 2020.Imagine thinking you are smarter than Nancy Pelosi.,t1,Q170581,['Nancy Pelosi'],NA,female,Italian American,United States of America,1940-03-26T00:00:00Z,United States representative,Democratic Party,Nancy,Pelosi,FALSE,FALSE,TRUE,FALSE,['smart'],"['gon', 'lose', 'think']",['name'],[],[],['pobj'],0.1022857142857142,0.0713333333333333,0.0902857142857142,neoliberal,1
f4rgndt,"“Grooming” typically implies Hillary Clinton’s an agent. It’s definitely a sign that you recognize how ridiculous Hillary Clinton comments were when you all try to weasel out of it. The implications &amp; context were clear to anyone who heard the podcast. Russia was grooming Tulsi, like they “groomed” Stein.",t1,Q6294,['Hillary Clinton'],NA,female,NA,United States of America,1947-10-26T00:00:00Z,First Lady of the United States,Democratic Party,Hillary,Clinton,FALSE,FALSE,TRUE,FALSE,"['ridiculous', 'clear']","['imply', '’', '’', 'recognize', 'try', 'weasel', 'hear', 'groom', 'groom']","['grooming', 'name', 'agent', 'sign', 'name', 'comment', 'implication', 'amp', 'context', 'podcast']",['agent'],['’'],"['dep', 'nmod']",0.1139375,0.078859375,0.09728125,neoliberal,3
e30a17l,if Trump said this in good faith and Trump words actually meant somethinglol,t1,Q22686,['Trump'],NA,male,NA,United States of America,1946-06-14T00:00:00Z,President of the United States,Republican Party,Donald,Trump,FALSE,TRUE,FALSE,FALSE,['good'],"['say', 'mean']","['name', 'faith', 'name', 'word', 'somethinglol']",[],['say'],"['dep', 'nmod']",0.7253999999999999,0.2808,0.52,neoliberal,3
e95kn35,Jeb! Is the Senate,t3,Q221997,['Jeb!'],NA,male,NA,United States of America,1953-02-11T00:00:00Z,Governor of Florida,Republican Party,Ellis,Bush,FALSE,FALSE,FALSE,TRUE,[],[],['name'],[],[],['nmod'],0.5315,0.3245,0.6255,neoliberal,0
f1xq23d,"(When someone asks Trump if someone has any ideas besides sinking trade deals and blaming Hillary)Guiliani: Any more bright ideas?Trump: I got a few, yeah!",t3,Q212648,['Guiliani'],NA,male,NA,United States of America,1944-05-28T00:00:00Z,United States Attorney for the Southern District of New York,Republican Party,Rudolph,Giuliani,FALSE,FALSE,FALSE,TRUE,"['bright', 'few']","['ask', 'have', 'sink', 'blame', 'get']","['idea', 'trade', 'deal', 'ideas?trump']",[],[],[],0.0718064516129032,0.0718064516129032,0.0884516129032258,neoliberal,1
edqjbyz,Trump voters plan march. Dont forget each and every white nationalist votes for trump,t3,Q22686,['Trump'],NA,male,NA,United States of America,1946-06-14T00:00:00Z,President of the United States,Republican Party,Donald,Trump,FALSE,TRUE,FALSE,FALSE,"['white', 'nationalist']","['plan', 'march', 'forget']","['name', 'voter', 'vote', 'trump']",['voter'],['plan'],['dep'],0.5858571428571429,0.4084285714285714,0.5277142857142857,news,0
fak4fhn,"Like Matt Gaetz, right? I can play stupid games too, you knob.",t1,Q16221742,['Matt Gaetz'],NA,male,NA,United States of America,1982-05-07T00:00:00Z,member of the Florida House of Representatives,Republican Party,Matthew,Gaetz,FALSE,FALSE,FALSE,TRUE,"['right', 'stupid']","['play', 'knob']","['name', 'game']",[],[],['pobj'],0.2340588235294117,0.1764705882352941,0.1679411764705882,news,0
ecb40tq,"But Moon — newer in office even than President Trump — appears to be managing that feat. This week, Trump has ushered in the first positive news related to North Korea in years, responding to an overture from Kim Jong Un and, on Wednesday, very diplomatically giving much of the credit to Trump. “I give Trump huge credit for bringing about the inter-Korean talks, and I’d like to thank Trump for that,” Moon said at a news conference in Seoul.  (later in the article) “Moon is not trying to claim any of the credit here. Trump’s giving it to Kim for suggesting these talks in Kim New Year’s Day speech and to Trump for Trump tough talk,” Delury said.""  Well, you've solved your problem.     My friend. I have no problems when I wake up every morning knowing Hillary Clinton is not Trump.   Trump solved my problem.",t1,Q6294,['Hillary Clinton'],NA,female,NA,United States of America,1947-10-26T00:00:00Z,First Lady of the United States,Democratic Party,Hillary,Clinton,FALSE,FALSE,TRUE,FALSE,"['new', 'first', 'positive', 'much', 'huge', 'inter', '-', 'korean', 'tough']","['appear', 'manage', 'usher', 'relate', 'respond', 'give', 'give', 'bring', 'like', 'thank', 'say', 'try', 'claim', 'give', 'suggest', 'trump', 'say', 'solve', 'have', 'wake', 'know', 'be', 'solve']","['office', 'feat', 'week', 'news', 'year', 'overture', 'credit', 'credit', 'talk', 'news', 'conference', 'article', 'credit', 'trump', 'talk', 'speech', 'talk', 'problem', 'friend', 'problem', 'morning', 'name', 'trump', 'problem']",[],['know'],['dobj'],0.6396603773584905,0.4791886792452828,0.6324150943396226,news,2
eu6l0q6,"People enjoy conspiracies because it brings People comfort. Makes People think there is order to the chaos. it’s a coping mechanism, there isn’t, and the more you try to ascribe order to the chaos the more ridiculous you become. Q Anon isn’t real, Trump is either senile, or incompetent, and definitely a criminal. Thousands of people right now are in prison on less than Trump racks up in a month, and one day you will wake up and see that, and when you do I wanna take a picture of your face as you realize how wrong you’ve been and how much damage you’ve done by spreading your misinformation. Like a cult leader who drank the Kool-Aid and remembered they aren’t God after all when they start choking to death on they own bile. But unlike they,  you’ll have to live with it. That was probably too harsh but seriously HOW ARE YOU DEFENDING Trump IN 2019. FUCKER HAS CHILD CONCENTRATION CAMPS ARE YOU KIDDING ME DUDE.",t1,Q22686,['Trump'],NA,male,NA,United States of America,1946-06-14T00:00:00Z,President of the United States,Republican Party,Donald,Trump,FALSE,TRUE,FALSE,FALSE,"['ridiculous', 'real', 'senile', 'incompetent', 'less', 'wrong', 'much', 'harsh']","['enjoy', 'bring', 'make', 'think', '’', 'cope', 'try', 'ascribe', 'become', 'be', 'rack', 'wake', 'see', 'wanna', 'take', 'realize', 'be', 'do', 'spread', 'drink', 'remember', 'start', 'choke', 'own', 'have', 'live', 'defend', 'have', 'kid']","['People', 'conspiracy', 'People', 'comfort', 'People', 'order', 'chaos', 'mechanism', 'order', 'chaos', 'name', 'criminal', 'thousand', 'people', 'prison', 'name', 'month', 'day', 'picture', 'face', 'damage', 'misinformation', 'cult', 'leader', 'death', 'bile', 'name', 'child', 'concentration']","['senile', 'incompetent', 'how']","['be', 'defend']","['dep', 'pobj', 'dep']",0.16345,0.14227,0.1547299999999999,news,2
ejcs8rz,"It is curious how The conspiracy sub on reddit went from being any number of conspiracy theories to right wing ""liberals are pedophiles and Hillary is the devil"" in so short a time",t1,Q6294,['Hillary'],NA,female,NA,United States of America,1947-10-26T00:00:00Z,First Lady of the United States,Democratic Party,Hillary,Clinton,TRUE,FALSE,FALSE,FALSE,"['curious', 'right', 'short']","['go', 'be', 'be', 'be']","['conspiracy', 'sub', 'reddit', 'number', 'conspiracy', 'theory', 'wing', 'liberal', 'pedophile', 'name', 'devil', 'time']",[],[],['conj'],0.125,0.1387567567567567,0.1497567567567567,news,0
e2vy6b1,Didn't Obama get rid of it?,t1,Q76,['Obama'],NA,male,African Americans,United States of America,1961-08-04T00:00:00Z,President of the United States,Democratic Party,Barack,Obama,FALSE,TRUE,FALSE,FALSE,[],['rid'],['name'],[],['get'],['dep'],0.5023333333333333,0.4339999999999999,0.4696666666666667,news,0
e7tquf3,"Trump owes Trump $976. Out a million dollars, Trump should give Trump 0.098% to match Trump Native blood.",t3,Q22686,['Trump'],NA,male,NA,United States of America,1946-06-14T00:00:00Z,President of the United States,Republican Party,Donald,Trump,FALSE,TRUE,FALSE,FALSE,['native'],"['owe', 'give', 'match']","['name', 'name', 'dollar', 'name', 'name', '%', 'name', 'blood']","['%', 'blood', 'native']","['owe', 'give', 'match']","['dep', 'dobj', 'dep', 'dobj', 'dep']",0.5844,0.4171999999999999,0.5182,news,0
f8q390h,"I didn’t vote for Who should the swinging kiwi vote in the last election but I’ll probably go Labour next time. I want Who should the swinging kiwi vote to have a proper term in government, not three years getting cock blocked by Winnie. Greens in the mix too but not enough to enact some of Who should the swinging kiwi vote crazier policies. Hand National a defeat great enough that Who should the swinging kiwi vote start to realise that sucking the dick of boomers and the CCP isn’t a viable long term strategy.",t3,Q334015,['Winnie'],NA,female,NA,United Kingdom,1929-07-10T00:00:00Z,Member of the 47th Parliament of the United Kingdom,Scottish National Party,Winnie,Ewing,TRUE,FALSE,FALSE,FALSE,"['last', 'next', 'proper', 'enough', 'crazy', 'great', 'viable', 'long']","['vote', 'swinge', 'go', 'want', 'swinge', 'have', 'get', 'block', 'enact', 'swinge', 'swinge', 'start', 'realise', 'suck']","['kiwi', 'vote', 'election', 'time', 'kiwi', 'vote', 'term', 'government', 'year', 'cock', 'name', 'green', 'mix', 'kiwi', 'vote', 'policy', 'defeat', 'kiwi', 'vote', 'dick', 'boomer', 'term', 'strategy']",[],[],['pobj'],0.2117809523809523,0.1559619047619047,0.187695238095238,newzealand,0
f4u5j3n,Anti-gun ad says ‘Jacinda Ardern wants to arm New Zealand’s police force’Jacinda Ardern’s very specifically come out and said Jacinda Ardern doesn’t want to arm the general police force. Anti-gun ad doesn’t make the delineation between the armed unit trial and very intentionally is written to imply a general arming.Any reasonable interpretation of Anti-gun ad would say that at best Anti-gun ad’s misleading.,t1,Q3606816,['Jacinda Ardern'],NA,female,NA,New Zealand,1980-07-26T00:00:00Z,Leader of the New Zealand Labour Party,New Zealand Labour Party,Laurell,Ardern,FALSE,FALSE,FALSE,TRUE,"['anti', '-', 'gun', 'general', 'anti', '-', 'gun', 'armed', 'general', 'reasonable', '-', 'gun', 'good', 'anti', '-', 'gun', 'misleading']","['say', 'want', 'arm', 'come', 'say', 'want', 'arm', 'make', 'write', 'imply', 'say', '’']","['ad', 'name', 'police', 'force’[name', 'name', 'police', 'force', 'ad', 'delineation', 'unit', 'trial', 'arming', 'interpretation', 'ad', 'ad']",[],"['want', 'want']","['dep', 'dep']",0.2216024096385541,0.2450240963855421,0.2586144578313252,newzealand,0
eeck0jf,"NZ has a different Overton windowURL to the US. I am well aware of what the Overton window is, I just don't think that you have actually looked at the numbers at all here.  And the NZ National Party would sit much more comfortably with US Democrats than Republicans on many social issues such as marriage equality I think that you are also underestimating how moderate John Key was on social issues compared to previous leaders such as Don Brash and Bill English. You also do know that the majority of the NZ National Party voted against same sex marriage. the welfare state In 2013, social spending per capita was 40% higher in the US than in New Zealand adjusted for purchasing powerURL, right?  and religion (Republican levels of religious adherence aren't found in any party here that gets over 5%). 'Republican levels of religious adherence', I don't think that you understand that the Christian right is just one of many factions in the NZ National Party. The general level of religious adherence within the NZ National Party is relatively similar to the non 'Christian right' republicans. In the US, there only one party where social conservatives can go. In New Zealand there are many options such as NZF, Conservatives as well as the NZ National Party. Even with this, the NZ National Party certainly isn't anywhere near as supportive of socially left wing causes as you seem to believe.",t1,Q1238979,['Don Brash'],NA,male,NA,New Zealand,1940-09-24T00:00:00Z,Member of the New Zealand Parliament,ACT New Zealand,Don,Brash,FALSE,FALSE,TRUE,FALSE,"['different', 'aware', 'many', 'social', 'such', 'moderate', 'social', 'previous', 'such', 'same', 'social', 'high', 'right', 'republican', 'religious', 'republican', 'religious', 'many', 'general', 'religious', 'similar', 'non', 'christian', 'social', 'many', 'such', 'supportive']","['have', 'be', 'think', 'look', 'sit', 'think', 'underestimate', 'compare', 'know', 'vote', 'adjust', 'purchase', 'find', 'get', 'think', 'understand', 'go', 'leave', 'seem', 'believe']","['window', 'number', 'issue', 'marriage', 'equality', 'issue', 'leader', 'name', 'majority', 'sex', 'marriage', 'welfare', 'state', 'spending', 'capita', '%', 'religion', 'level', 'adherence', 'party', '%', 'level', 'adherence', 'right', 'faction', 'level', 'adherence', 'right', 'republican', 'party', 'conservative', 'option', 'wing', 'cause']",['such'],[],['pobj'],0.7057721518987342,0.4332784810126581,0.5794810126582277,newzealand,0
fb6inyu,Evacut or Patience &amp; Nicholson make some good gear. Depending on your use it might not be buy it for life though.,t3,Q1288295,['Nicholson'],NA,male,NA,United States of America,1938-02-04T00:00:00Z,United States Ambassador to the Holy See,Republican Party,James,Nicholson,FALSE,TRUE,FALSE,FALSE,['good'],"['make', 'depend', 'buy']","['amp', 'name', 'gear', 'use', 'life']","['gear', 'good']",['make'],['dep'],0.2397142857142857,0.14875,0.1821071428571428,newzealand,0
em3ntcw,I guess PM Jacinda Ardern on capital gains tax does give PM Jacinda Ardern on capital gains tax an excuse over the next 18 months to hide behind when they achieve nothing.,t1,Q3606816,['Jacinda Ardern'],NA,female,NA,New Zealand,1980-07-26T00:00:00Z,Leader of the New Zealand Labour Party,New Zealand Labour Party,Laurell,Ardern,FALSE,FALSE,FALSE,TRUE,['next'],"['guess', 'give', 'tax', 'hide', 'achieve']","['name', 'capital', 'gain', 'tax', 'pm', 'name', 'capital', 'gain', 'excuse', 'month']","['pm', 'excuse']",['give'],"['nsubj', 'dobj']",0.1597142857142857,0.1463428571428571,0.1661428571428571,newzealand,1
e3xz72w,"My worst US culture shock was my first visit there on an Alaskan cruise full of Texans...  One guy told me no blacks live in One guy neighborhood because no blacks'd get burned out, that One guy father had been in the KKK, and that everyone in Texas was a bit racist but that was ""okay"".Over dinner a different group discussed how a different group were convinced Obama's birth certificate was fake and how a different group'd all stopped watching CNN because Obama's birth certificate was too liberal. CNN also learned that America was in huge danger because America was getting socialized government run healthcare, and Obama was conspiring to become a tyrant and steal freedom.  What things in Florida have most culture-shocked you?",t1,Q76,['Obama'],NA,male,African Americans,United States of America,1961-08-04T00:00:00Z,President of the United States,Democratic Party,Barack,Obama,FALSE,TRUE,FALSE,FALSE,"['bad', 'first', 'alaskan', 'full', 'racist', 'different', 'different', 'fake', 'different', 'liberal', 'huge', 'most']","['tell', 'live', 'burn', 'be', 'be', 'be', 'discuss', 'convince', 'stop', 'watch', 'be', 'learn', 'socialize', 'conspire', 'become', 'steal', 'have', 'shock']","['culture', 'shock', 'visit', 'cruise', 'guy', 'black', 'guy', 'neighborhood', ""blacks'd"", 'guy', 'father', 'bit', 'dinner', 'group', 'group', 'name', 'birth', 'certificate', ""group'd"", 'name', 'birth', 'certificate', 'danger', 'government', 'run', 'healthcare', 'name', 'tyrant', 'freedom', 'thing', 'culture']",[],"['convince', 'conspire']","['npadvmod', 'dep', 'dep']",0.5735510204081634,0.4830204081632652,0.5531020408163264,newzealand,0
f4paejm,"If you think any of that was even remotely related to what I've said then I have a bridge to sell you. You literally read ""I'm a Green"" as ""I'm right-wing"" thus proving my aforementioned theory that if you aren't 100% against every single thing Trump does you are a literal Nazi. Way to go, champ.",t1,Q22686,['Trump'],NA,male,NA,United States of America,1946-06-14T00:00:00Z,President of the United States,Republican Party,Donald,Trump,FALSE,TRUE,FALSE,FALSE,"['related', 'right', 'aforementioned', 'single', 'literal']","['think', 'say', 'have', 'sell', 'read', 'be', 'be', 'prove', 'be', 'go']","['bridge', 'wing', 'theory', '%', 'thing', 'name', 'nazi', 'way', 'champ']",['single'],[],['appos'],0.1576164383561643,0.0955068493150684,0.1339041095890411,newzealand,2
ef6u4gy,"So it was the Russians who ""influenced"" Hillary into avoiding the rust belt like the plague??",t1,Q6294,['Hillary'],NA,female,NA,United States of America,1947-10-26T00:00:00Z,First Lady of the United States,Democratic Party,Hillary,Clinton,TRUE,FALSE,FALSE,FALSE,[],"['influence', 'avoid']","['name', 'rust', 'belt', 'plague']",[],['influence'],['dobj'],0.4423333333333333,0.3781666666666667,0.3818333333333333,politics,1
eb4yrqp,"Hey, did you hear that AOC made a mistake? That must invalidate everything she has done or stands for. Meanwhile, let me defend everything that comes out of the lying piehole of ""President Trump"".",t3,Q22686,['Trump'],NA,male,NA,United States of America,1946-06-14T00:00:00Z,President of the United States,Republican Party,Donald,Trump,FALSE,TRUE,FALSE,FALSE,[],"['hear', 'make', 'invalidate', 'do', 'stand', 'let', 'defend', 'come', 'lie']","['mistake', 'piehole', 'name']",[],[],['pobj'],0.4748888888888889,0.5107777777777778,0.4517777777777778,politics,1
eargor7,"I really, really, really doubt this article, haha.  Rosenstein's speech is only tangentially related and really isn't a big story and Buzzfeed wouldn't risk getting scooped.  The idea that news sources sit on a story for an event like Rosenstein's speech to really stick it to Trump is just silly.",t1,Q22686,['Trump'],NA,male,NA,United States of America,1946-06-14T00:00:00Z,President of the United States,Republican Party,Donald,Trump,FALSE,TRUE,FALSE,FALSE,"['big', 'silly']","['doubt', 'relate', 'be', 'risk', 'scoop', 'sit', 'stick']","['article', 'speech', 'story', 'idea', 'news', 'source', 'story', 'event', 'speech', 'name']",[],[],['pobj'],0.587777777777778,0.4417222222222222,0.5245555555555554,politics,0
el79i1v,Trump after Mueller appointment said Trump after Mueller appointment was fucked because an investigation like that basically handcuffs a president. Trump after Mueller appointment knew (or saw in TV somewhere) that while under investigation Trump after Mueller appointment would be useless. That’s what Trump after Mueller appointment meant by end of presidency. This isn’t necessarily an admission of guilt. That being said I think Trump after Mueller appointment’s guilty as fuck.Not sure why I’m getting downvoted...that’s literally later in the same paragraph.,t3,Q715156,['Mueller'],NA,male,NA,United States of America,1944-08-07T00:00:00Z,United States Attorney for the Northern District of California,Republican Party,Swan,Mueller,FALSE,TRUE,FALSE,FALSE,"['useless', 'guilty', 'sure', 'same']","['trump', 'say', 'fuck', 'handcuff', 'trump', 'know', 'see', 'be', '’', 'mean', 'say', 'think', 'downvote', '’']","['name', 'appointment', 'trump', 'name', 'appointment', 'investigation', 'president', 'name', 'appointment', 'tv', 'investigation', 'trump', 'name', 'appointment', 'trump', 'name', 'appointment', 'end', 'presidency', 'admission', 'guilt', 'trump', 'name', 'appointment', 'fuck', 'paragraph']",['trump'],[],"['nmod', 'nmod', 'nmod', 'nmod', 'nmod', 'nmod']",0.1962909090909091,0.1733545454545454,0.2017999999999999,politics,3
ew5lyal,"20% of hispanics voted for Trump. But in the case of Bernie, the threat could be from any end of the spectrum given Bernie's an Independent.",t1,Q22686,['Trump'],NA,male,NA,United States of America,1946-06-14T00:00:00Z,President of the United States,Republican Party,Donald,Trump,FALSE,TRUE,FALSE,FALSE,[],"['vote', 'be', 'give']","['%', 'hispanic', 'name', 'case', 'threat', 'end', 'spectrum']",[],[],['pobj'],0.0969696969696969,0.096030303030303,0.1143636363636363,politics,0
f5bd8vo,"Nah, Gaetz wants to be the next Trump. Gaetz wants all those donors when the next Trump is done. It's why Gaetz goes to extremes to defend the next Trump all the time. Gaetz is probably a better son than Eric.Gaetz also purposely got Gaetz onto the judiciary committee to defend the next Trump from impeachment. Gaetz's now bitter that Gaetz's for the most part being left out so the stunt and subsequent media blitz was to show Daddy Gaetz still cares and will do anything to defend Gaetz.",t1,Q5292650,['Gaetz'],NA,male,NA,United States of America,1948-01-22T00:00:00Z,member of the State Senate of Florida,Republican Party,Don,Gaetz,FALSE,TRUE,FALSE,FALSE,"['next', 'next', 'next', 'well', 'next', 'bitter', 'most', 'subsequent']","['want', 'be', 'want', 'do', 'go', 'defend', 'get', 'defend', 'leave', 'be', 'show', 'care', 'do', 'defend']","['name', 'name', 'donor', 'name', 'extreme', 'time', 'name', 'son', 'name', 'judiciary', 'committee', 'impeachment', 'name', 'name', 'part', 'stunt', 'medium', 'blitz', 'name', 'name']","['donor', 'why', 'probably', 'son', 'well', 'also', 'purposely', 'now', 'bitter', 'so']","['want', 'want', 'go', 'be', 'get', 'be', 'be', 'show', 'defend']","['dep', 'dep', 'nsubj', 'dep', 'dep', 'dep', 'dep', 'dobj', 'dobj']",0.167017094017094,0.1417948717948718,0.1716239316239316,politics,3
f35zsjb,"That's a bit rich from a 5 time draft dogger with bad feet. Trump claimed (Trump medical deferment) was because of a bone spur, but when I asked for medical records, Trump gave me none and said there was no surgery,” Cohen told members of the House Oversight Committee. “Trump told me not to answer the specific questions by reporters but rather offer simply the fact that Trump received a medical deferment.“Trump finished the conversation with the following comment: ‘You think I'm stupid, I wasn't going to Vietnam.’”All hail the commander in chief, too smart for Vietnam but too stupid to stay away from politics.",t3,Q22686,['Trump'],NA,male,NA,United States of America,1946-06-14T00:00:00Z,President of the United States,Republican Party,Donald,Trump,FALSE,TRUE,FALSE,FALSE,"['rich', 'bad', 'medical', 'medical', 'specific', 'medical', 'stupid', 'chief', 'smart', 'stupid']","['claim', 'ask', 'give', 'say', 'tell', 'tell', 'answer', 'offer', 'receive', 'finish', 'follow', 'think', 'be', 'go', 'stay']","['bit', 'time', 'draft', 'dogger', 'foot', 'name', 'name', 'deferment', 'bone', 'spur', 'record', 'name', 'none', 'surgery', 'member', 'name', 'question', 'reporter', 'fact', 'name', 'deferment', 'conversation', 'comment', '’”all', 'hail', 'commander', 'politic']","['medical', 'none', 'deferment', 'medical']","['claim', 'give', 'tell', 'receive']","['dep', 'nmod', 'dep', 'dep', 'dep']",0.1475985401459853,0.1186788321167883,0.1502481751824817,politics,1
ebchgn3,"I made this!\n\nURL\n\nOperation Condor was a United States–backed campaign of political repression and state terror involving intelligence operations and assassination of opponents, officially implemented in 1975 by the right-wing dictatorships of the Southern Cone of South America. The program, nominally intended to eradicate communist or Soviet influence and ideas, was created to suppress active or potential opposition movements against the participating governments' neoliberal economic policies, which sought to reverse the economic policies of the previous era. The United States government provided technical support and supplied military aid to the participants during the Johnson, Nixon, Ford, Carter, and Reagan administrations. Such support was frequently routed through the Central Intelligence Agency. AND look up the School of the Americas, Since the Cold War the School of the Americas has provided counterinsurgency training to a number of Latin American right-wing dictators and death squad members in order to kill socialists and minority groups.",t3,Q23685,['Carter'],NA,male,NA,United States of America,1924-10-01T00:00:00Z,member of the Georgia State Senate,Democratic Party,Jimmy,Carter,FALSE,TRUE,FALSE,FALSE,"['political', 'right', 'communist', 'soviet', 'active', 'potential', 'neoliberal', 'economic', 'economic', 'previous', 'technical', 'military', 'such', 'latin', 'american', 'right']","['make', 'back', 'involve', 'implement', 'intend', 'eradicate', 'create', 'suppress', 'participate', 'seek', 'reverse', 'provide', 'supply', 'route', 'look', 'provide', 'kill']","['campaign', 'repression', 'state', 'terror', 'intelligence', 'operation', 'assassination', 'opponent', 'wing', 'dictatorship', 'program', 'influence', 'idea', 'opposition', 'movement', 'government', 'policy', 'policy', 'era', 'government', 'support', 'aid', 'participant', 'name', 'administration', 'support', 'counterinsurgency', 'training', 'number', 'wing', 'dictator', 'death', 'squad', 'member', 'order', 'socialist', 'minority', 'group']",['administration'],[],['appos'],0.5324915254237288,0.5039152542372881,0.6197118644067795,socialism,2
eb5uufp,"Paul Ryan said Rage Against the Machine is Paul Ryan favorite band.Tom Morello said Paul Ryan is the Machine.""",t1,Q203966,['Paul Ryan'],NA,male,NA,United States of America,1970-01-29T00:00:00Z,United States representative,Republican Party,Paul,Ryan,FALSE,FALSE,TRUE,FALSE,['favorite'],"['say', 'say']","['name', 'rage', 'machine', 'name', 'band', 'name', 'machine']","['favorite', 'machine']","['say', 'be']","['dep', 'nmod', 'nsubj']",0.54425,0.4912499999999999,0.5666249999999999,socialism,2
er32oi5,"We want to remind users that Sanders is not considered a socialist. Despite Sanders early efforts and gateway tendencies, Sanders reformism and participating in corrupt institutions is not aiding in the overthrow of capitalism anytime soon (especially considering Sanders foreign policy record). We have a general ban on Sanders, unless if a general ban on Sanders relates to socialistic tendencies. We also acknowledge the waive of individuals who were turned to socialism in light of Sanders campaign, but highly emphasize that this is not a learning or debating place for individuals who are learning about socialism (that is for R/socialism101). We have socialist users who are being heavily downvoted despite their on-point leftist critiques and will not tolerate any brigading of social democrats from other spaces or lesser evilism. See here for more detailsURLNo matter how conservative the US may be, the US does not dilute the socialistic philosophies beyond the voting booth. Please be mindful of all this on whether critiquing or praising Sanders and individuals like Sanders.",t3,Q359442,['Sanders'],NA,male,Jewish people,United States of America,1941-09-08T00:00:00Z,"Mayor of Burlington, Vermont",Liberty Union Party,Bernard,Sanders,FALSE,TRUE,FALSE,FALSE,"['early', 'corrupt', 'foreign', 'general', 'general', 'socialistic', 'socialist', 'leftist', 'social', 'other', 'less', 'more', 'conservative', 'socialistic', 'mindful']","['want', 'remind', 'consider', 'participate', 'aid', 'consider', 'have', 'relate', 'acknowledge', 'turn', 'emphasize', 'debate', 'learn', 'be', 'have', 'downvote', 'tolerate', 'see', 'be', 'dilute', 'be', 'critique', 'praise']","['user', 'name', 'socialist', 'name', 'effort', 'gateway', 'tendency', 'name', 'reformism', 'institution', 'overthrow', 'capitalism', 'name', 'policy', 'record', 'ban', 'name', 'ban', 'name', 'tendency', 'waive', 'individual', 'socialism', 'light', 'name', 'campaign', 'learning', 'place', 'individual', 'socialism', 'r', 'user', 'point', 'critique', 'brigading', 'democrat', 'space', 'evilism', 'matter', 'philosophy', 'voting', 'booth', 'name', 'individual', 'name']","['socialist', 'effort', 'early', 'tendency', 'reformism', 'name', 'especially', 'record', 'policy', 'campaign']","['consider', 'consider', 'praise']","['dep', 'pobj', 'nmod', 'dep', 'pobj', 'pobj', 'pobj', 'dobj', 'pobj']",0.165742718446602,0.1257378640776699,0.1549223300970874,socialism,0
f9ebefg,"Democratic Socialism is distinguished from other forms of socialism in that Democratic Socialism is not Marxist Leninist, right? It seems like a somewhat violent struggle is going to be required to get anything done and seize anything.I pretty much agree and was just talking about this is another thread. But I think a lot of ML groups -- and I mean this as good-faith criticism -- put the cart before the horse when the cart comes to the vanguard, where it's like they feel like you need the vanguard first and then you have the revolution. But my reading of the revolution is that the vanguard evolved because of the revolution in which the Communist Party became a governing party in the context of a civil war, as it's necessary to have a vanguard party with iron discipline to see the revolution through the fires of a civil war. But they didn't ""will"" a revolution into being because they were more vanguardy than everyone else; and in fact the Bolsheviks were more loose and open than the Bolsheviks rival Mensheviks, and Lenin was very critical of their rival Mensheviks for that. the revolution was a true mass movement of millions who spontaneously rose up and organized themselves, not a tiny group of elitists. But the vanguard was necessary once the revolution was underway to see the revolution through to the end.the Bolsheviks definitely had professional party people in the leadership of course, who were also schooled in Marxist theory, but it wasn't required that everyone in the Communist Party be a professional revolutionary, or even agree with the Communist Party's positions on everything. There wasn't yet a ban on factions (that came in the 1920s), and democratic centralism -- which is at the core of the vanguard -- referred to actions and not opinions per se. Like if the Communist Party voted to stand in the upcoming elections, you wouldn't be allowed to agitate abstention during public meetings or in the party newspaper as the upcoming elections were going on, which seems reasonable to me -- it's clearly unreasonable to tolerate a member trying to wreck something the Communist Party is actively trying to do.I've looked into modern-day ML groups though but have been wary of modern-day ML groups. I'm willing to be won over and I would like to join a real no-bones-about-it Marxist org (here in the U.S.). But most seem to require party members to agree to a particular line on certain ideas and historical positions (was/is the USSR/China/North Korea/etc. socialist) but  I think focusing on the line in such a way has very little bearing on direct, practical tasks as party members stand. It feels like party members're trying to act like the Communist Party did when it was the government of a besieged country, as opposed to the one which built a mass movement, which just seems backwards to me. It's my understanding the Communist Party doesn't even allow the Communist Party own members to talk to each other beyond its own members own local chapters (without going through the approved channels) which can only lead to isolation among comrades.It's also not like the Bolsheviks in the 1910s would have required party members to all have the same opinions about the French Revolution, either. Secondly, even if these ML parties' line on these ideas and positions are ""correct,"" it doesn't necessarily follow that building your own organization's independence around that is a wise move in a strategic and political sense. Like even if Bernie Sanders', 'Bernie', 'Sanders is just a social democrat, it might be a wiser move politically to support Bernie Sanders', 'Bernie', 'Sanders rather than not. I have some experience of this, because the only other socialist group in my immediate local area was the ISO, a Trotskyist group. I have some friends who were members of this club, and some friends who were members of this club had a lot of people showing up because of Bernie Sanders', 'Bernie', 'Sanders, but some friends who were members of this club ended up turning most of some friends who were members of this club away because the ISO didn't like Bernie Sanders', 'Bernie', 'Sanders and had no way of incorporating some friends who were members of this club because some friends who were members of this club didn't agree with the ISO's opinions about Bernie Sanders', 'Bernie', 'Sanders. Then the ISO went on to collapse -- for a variety of reasons -- and doesn't even exist anymore while the DSA gained tens of thousands of members. A funny thing is that my ex-ISO friends are now volunteering for Bernie Sanders', 'Bernie', 'Sanders.What I think does happen is that modern-day ML groups have become kind of frozen in place and isolated, because of modern-day ML groups misreading of Lenin and modern-day ML groups fetishizing of the vanguard party, which makes modern-day ML groups poorly suited to take advantage of opportunities provided by the force of events. At best, modern-day ML groups become organizations of hundreds that can organize thousands as opposed to an organization of thousands that can organize millions. At worst, modern-day ML groups become kind of like fan clubs for the communism fandom where it's more important that certain historical figures be ""upheld"" and the problem is other groups not enjoying the fandom in the right way.Is the DSA going to amount to anything? The DNC isn't required to count your vote. The DNC may just disregard Bernie Sanders', 'Bernie', 'Sanders, That could very well happen. But it seems obvious to me that a lot of people joined the DSA and were in that broader social-democratic milieu because a lot of people joined DSA and were in that broader social-democratic milieu because they liked Bernie Sanders', 'Bernie', 'Sanders and so on, but are reading Marx now and are probably more radical as a result, and I would count myself among them liked Bernie Sanders', 'Bernie', 'Sanders and so on, but are reading Marx now and are probably more radical as a result, and I would count me among a lot of people joined DSA and were in that broader social-democratic milieu because they liked Bernie Sanders', 'Bernie', 'Sanders and so on, but are reading Marx now and are probably more radical as a result, and I would count myself among them. a lot of people joined DSA and were in that broader social-democratic milieu because they liked Bernie Sanders', 'Bernie', 'Sanders and so on, but are reading Marx now and are probably more radical as a result, and I would count myself among them saw Bernie Sanders', 'Bernie', 'Sanders get ratfucked in plain view in 2016 which changed a lot of people joined DSA and were in that broader social-democratic milieu because they liked Bernie Sanders', 'Bernie', 'Sanders and so on, but are reading Marx now and are probably more radical as a result, and I would count myself among them perspective. But I think you'd be making a mistake if you now gave up on that front rather than pushing harder. It seems like there are a lot more social democrats now than there were a years ago, but also a lot more socialists as well. It doesn't mean you just fold yourself into electoral politics, but I'm pretty much convinced you have to participate in It and carve out a space in that area. You should have some faith in the dialectic here.",t3,Q359442,"['Bernie Sanders', 'Bernie', 'Sanders']",NA,male,Jewish people,United States of America,1941-09-08T00:00:00Z,"Mayor of Burlington, Vermont",Liberty Union Party,Bernard,Sanders,FALSE,TRUE,FALSE,FALSE,"['democratic', 'other', 'democratic', 'right', 'violent', 'good', 'civil', 'necessary', 'vanguard', 'civil', 'vanguardy', 'loose', 'open', 'critical', 'rival', 'true', 'mass', 'tiny', 'necessary', 'underway', 'professional', 'marxist', 'professional', 'democratic', 'upcoming', 'public', 'upcoming', 'reasonable', 'unreasonable', 'modern', 'wary', 'modern', 'willing', 'real', 'marxist', 'most', 'particular', 'certain', 'historical', 'socialist', 'little', 'direct', 'practical', 'own', 'other', 'own', 'local', 'same', 'correct', 'own', 'wise', 'strategic', 'political', 'social', 'wise', 'only', 'other', 'socialist', 'immediate', 'local', 'trotskyist', 'most', 'funny', 'iso', 'modern', 'frozen', 'modern', 'modern', 'vanguard', 'modern', 'good', 'modern', 'bad', 'modern', 'important', 'certain', 'historical', 'other', 'right', 'obvious', 'broad', 'social', 'democratic', 'broad', 'social', 'democratic', 'radical', 'radical', 'broad', 'social', 'democratic', 'radical', 'broad', 'social', 'democratic', 'radical', 'ratfucked', 'plain', 'broad', 'social', 'democratic', 'radical', 'more', 'social', 'more', 'electoral', 'convinced']","['distinguish', 'seem', 'go', 'require', 'get', 'do', 'seize', 'agree', 'talk', 'think', 'mean', 'put', 'come', 'be', 'feel', 'need', 'have', 'evolve', 'become', 'govern', 'be', 'have', 'see', 'do', 'be', 'be', 'be', 'be', 'rise', 'organize', 'be', 'see', 'have', 'school', 'require', 'be', 'agree', 'come', 'be', 'refer', 'vote', 'stand', 'allow', 'agitate', 'go', 'seem', 'tolerate', 'try', 'wreck', 'try', 'do', 'look', 'be', 'be', 'win', 'like', 'join', 'seem', 'require', 'agree', 'be', 'think', 'focus', 'have', 'stand', 'feel', 'try', 'act', 'do', 'be', 'besiege', 'oppose', 'build', 'seem', 'allow', 'talk', 'own', 'go', 'approve', 'lead', 'require', 'have', 'be', 'follow', 'build', 'be', 'be', 'support', 'have', 'be', 'have', 'be', 'be', 'have', 'show', 'be', 'end', 'turn', 'be', 'like', 'have', 'incorporate', 'be', 'be', 'agree', 'go', 'collapse', 'exist', 'gain', 'volunteer', 'think', 'happen', 'become', 'isolate', 'misread', 'fetishize', 'make', 'suit', 'take', 'provide', 'become', 'organize', 'oppose', 'organize', 'become', 'be', 'uphold', 'be', 'enjoy', 'go', 'amount', 'require', 'count', 'disregard', 'happen', 'seem', 'join', 'be', 'join', 'be', 'like', 'read', 'be', 'count', 'like', 'read', 'be', 'count', 'join', 'be', 'like', 'read', 'be', 'count', 'join', 'be', 'like', 'read', 'be', 'count', 'see', 'get', 'change', 'join', 'be', 'like', 'read', 'be', 'count', 'think', 'make', 'give', 'push', 'seem', 'be', 'be', 'mean', 'fold', 'be', 'have', 'participate', 'carve', 'have']","['form', 'socialism', 'struggle', 'thread', 'lot', 'group', 'faith', 'criticism', 'cart', 'horse', 'cart', 'vanguard', 'vanguard', 'revolution', 'reading', 'revolution', 'vanguard', 'revolution', 'party', 'context', 'war', 'party', 'iron', 'discipline', 'revolution', 'fire', 'war', 'revolution', 'fact', 'rival', 'revolution', 'movement', 'million', 'group', 'elitist', 'vanguard', 'revolution', 'revolution', 'end.the', 'party', 'people', 'leadership', 'course', 'theory', 'revolutionary', 'position', 'ban', 'faction', 'centralism', 'core', 'vanguard', 'action', 'opinion', 'election', 'abstention', 'meeting', 'party', 'newspaper', 'election', 'member', 'day', 'group', 'day', 'group', 'bone', 'org', 'party', 'member', 'line', 'idea', 'position', 'line', 'way', 'bearing', 'task', 'party', 'member', 'party', 'government', 'country', 'one', 'mass', 'movement', 'understanding', 'member', 'member', 'chapter', 'channel', 'isolation', 'comrade', 'party', 'member', 'opinion', 'party', 'line', 'idea', 'position', 'organization', 'independence', 'move', 'sense', 'name', 'democrat', 'move', 'name', 'experience', 'group', 'area', 'group', 'friend', 'member', 'club', 'friend', 'member', 'club', 'lot', 'people', 'name', 'friend', 'member', 'club', 'friend', 'member', 'club', 'name', 'way', 'friend', 'member', 'club', 'friend', 'member', 'club', 'opinion', 'name', 'variety', 'reason', 'ten', 'thousand', 'member', 'thing', 'ex', '-', 'friend', 'day', 'group', 'place', 'day', 'group', 'day', 'group', 'party', 'day', 'group', 'advantage', 'opportunity', 'force', 'event', 'day', 'group', 'organization', 'hundred', 'thousand', 'organization', 'thousand', 'million', 'day', 'group', 'fan', 'club', 'communism', 'fandom', 'figure', 'problem', 'group', 'fandom', 'way', 'vote', 'name', 'lot', 'people', 'milieu', 'lot', 'people', 'milieu', 'name', 'result', 'name', 'result', 'lot', 'people', 'milieu', 'name', 'result', 'lot', 'people', 'milieu', 'name', 'result', 'name', 'view', 'lot', 'people', 'milieu', 'name', 'result', 'perspective', 'mistake', 'front', 'lot', 'democrat', 'year', 'lot', 'socialist', 'politic', 'space', 'area', 'faith', 'dialectic']","['even', 'democrat', 'just', 'social', 'friend', 'lot', 'just', 'on', 'so', 'on', 'so', 'on', 'so', 'on', 'so', 'ratfucked', 'on', 'so']","['be', 'support', 'have', 'disregard', 'like', 'count', 'like', 'like', 'get', 'like']","['nsubj', 'dobj', 'pobj', 'dep', 'pobj', 'dobj', 'dobj', 'dep', 'dobj', 'dobj', 'dep', 'dobj']",0.1794175665946724,0.1310503959683229,0.1597753779697623,socialism,0
emxg4za,"Prices of homes have increased since the 08 crash because of renting. Middle class home owners were forced to sell and elites who were not effected by the 08 crash went in and bought up the properties. These people don't actually use the homes instead These people rent These people out and increase the price to make a profit. This increase in price then causes a ripple effect throughout the market. Now that the economy is getting stronger for baby boomers these elderly upper and upper middle class types are joining the renting of homes. This creates more competition and prices increase yet again because people who are selling are now selling a cheap house to a rich person rather than the natural target of a lower class person.To make it a little more simple to understand prices increased due to the market of home ownership shifting to a market of home renting by baby boomers and other wealthy class people.Now a common follow up question is ""well don't they provide a service to those who can't afford a service?"". That is the problem. To rent is to make a profit, so renting actually increases the cost not decrease. Instead the idea is that capital ownership would be abolished. You can own homes for yourself but you cannot own someone else's home. Now the next common question is ""well what about people who don't want to own a home and want something small/temporary"". That is where public housing comes into play. The idea is that capital ownership is abolished so large buildings used for rent owned by capitalist class billionaires (i.e. Trump) would be owned instead by the public. Now that rent profits are no longer being seeked out from a non-working useless capitalist the prices of rent decrease even in temporary living arrangements.",t1,Q22686,['Trump'],NA,male,NA,United States of America,1946-06-14T00:00:00Z,President of the United States,Republican Party,Donald,Trump,FALSE,TRUE,FALSE,FALSE,"['middle', 'ripple', 'strong', 'elderly', 'upper', 'upper', 'middle', 'more', 'cheap', 'rich', 'natural', 'low', 'simple', 'other', 'wealthy', 'common', 'next', 'common', 'small', 'temporary', 'public', 'large', 'capitalist', 'non', '-', 'working', 'useless', 'temporary']","['increase', 'rent', 'force', 'sell', 'effect', 'go', 'buy', 'use', 'rent', 'increase', 'make', 'cause', 'get', 'join', 'create', 'increase', 'sell', 'sell', 'make', 'understand', 'increase', 'shift', 'rent', 'provide', 'afford', 'rent', 'make', 'rent', 'increase', 'decrease', 'abolish', 'own', 'own', 'want', 'own', 'want', 'come', 'abolish', 'use', 'own', 'own', 'seek']","['price', 'home', 'crash', 'class', 'home', 'owner', 'elite', 'crash', 'property', 'people', 'home', 'people', 'people', 'price', 'profit', 'increase', 'price', 'effect', 'market', 'economy', 'baby', 'boomer', 'class', 'type', 'renting', 'home', 'competition', 'price', 'people', 'house', 'person', 'target', 'class', 'person', 'price', 'market', 'home', 'ownership', 'market', 'home', 'baby', 'boomer', 'class', 'people', 'follow', 'question', 'service', 'service', 'problem', 'profit', 'cost', 'idea', 'capital', 'ownership', 'home', 'home', 'question', 'people', 'home', 'housing', 'play', 'idea', 'capital', 'ownership', 'building', 'rent', 'class', 'billionaire', 'name', 'public', 'rent', 'profit', 'capitalist', 'price', 'rent', 'decrease', 'living', 'arrangement']","['capitalist', 'class']",[],['appos'],0.2041461988304092,0.1476520467836257,0.1830964912280701,socialism,0
e39c2jp,"Thank you for sharing, I appreciate it and I'm glad you were able to think critically about Trump.",t1,Q22686,['Trump'],NA,male,NA,United States of America,1946-06-14T00:00:00Z,President of the United States,Republican Party,Donald,Trump,FALSE,TRUE,FALSE,FALSE,"['glad', 'able']","['thank', 'share', 'appreciate', 'be', 'think']",['name'],[],[],['pobj'],0.8218571428571426,0.4578571428571428,0.6278571428571429,socialism,0
fbdvgg2,"A thoroughly decent human being, who for Jeremy Corbyn entire parliamentary career has been on the right side of history.",t3,Q291169,['Jeremy Corbyn'],NA,male,NA,United Kingdom,1949-05-26T00:00:00Z,Member of the 58th Parliament of the United Kingdom,Labour Party,Jeremy,Corbyn,FALSE,FALSE,TRUE,FALSE,"['decent', 'entire', 'parliamentary', 'right']",['be'],"['human', 'being', 'name', 'career', 'side', 'history']","['career', 'entire', 'parliamentary']",[],['pobj'],0.2604347826086957,0.1591304347826087,0.2430869565217391,socialism,2
esb6r8m,Joel johnsonNot even I know who Joel johnson is it's just a generic name I came up with,t3,Q6214023,['Joel johnson'],NA,male,NA,United States of America,1936-01-01T00:00:00Z,member of the State Senate of Nebraska,NA,Joel,Johnson,FALSE,FALSE,FALSE,TRUE,['generic'],"['know', 'come']","['name', 'name']",[],['be'],['dep'],0.12155,0.0659,0.0978,teenagers,0
euguxjf,"Didn't know you were in EU, looks simalar I remember I had 2 banana spider in my rose Bush",t1,Q207,['Bush'],NA,male,NA,United States of America,1946-07-06T00:00:00Z,Governor of Texas,Republican Party,George,Bush,FALSE,TRUE,FALSE,FALSE,['simalar'],"['know', 'look', 'remember', 'have']","['banana', 'spider', 'rose', 'name']","['spider', 'banana']",['have'],['dobj'],0.1660869565217391,0.0938260869565217,0.1143478260869565,teenagers,0
fbbwyt3,"No, if Trump ordered a drone strike in the viscinity of the village my friend lived in and my friend died because of that, Trump would be guilty of murder.",t1,Q22686,['Trump'],NA,male,NA,United States of America,1946-06-14T00:00:00Z,President of the United States,Republican Party,Donald,Trump,FALSE,TRUE,FALSE,FALSE,['guilty'],"['order', 'live', 'die', 'be']","['name', 'drone', 'strike', 'viscinity', 'village', 'friend', 'friend', 'name', 'murder']","['strike', 'drone', 'guilty']","['order', 'be']","['dep', 'nsubj']",0.1546486486486486,0.1703783783783783,0.1555135135135135,teenagers,2
en5pgup,Wait... Trump is good though?,t3,Q22686,['Trump'],NA,male,NA,United States of America,1946-06-14T00:00:00Z,President of the United States,Republican Party,Donald,Trump,FALSE,TRUE,FALSE,FALSE,['good'],['wait'],['name'],"['good', 'though']",['be'],['nsubj'],0.1927777777777777,0.0927777777777777,0.1347777777777777,teenagers,0
ex992x9,. Pastors suck teen's dicks without anybody telling Pastors to.,t3,Q2625227,['Pastors'],NA,male,NA,Kingdom of the Netherlands,1965-09-10T00:00:00Z,municipal executive of Rotterdam,Livable Rotterdam,Marco,Pastors,FALSE,TRUE,FALSE,FALSE,[],"['suck', 'tell']","['name', 'teen', 'dick', 'name']","['dick', 'teen']","['suck', 'tell']","['dep', 'dobj']",0.2029999999999999,0.1857499999999999,0.16625,teenagers,0
es2k5lr,"Watch out for your legitimate reason to not serve, Donald Trump had a disability and everyone called Donald Trump a pussy for not going to Vietnam and not getting severe PTSD.",t1,Q22686,['Donald Trump'],NA,male,NA,United States of America,1946-06-14T00:00:00Z,President of the United States,Republican Party,Donald,Trump,FALSE,FALSE,TRUE,FALSE,"['legitimate', 'severe']","['watch', 'serve', 'have', 'call', 'go', 'get']","['reason', 'name', 'disability', 'name', 'pussy']","['disability', 'pussy']","['have', 'call']","['nsubj', 'oprd']",0.1372857142857143,0.1331428571428571,0.1358,teenagers,0
edrqgmg,Its bill clinton doing the fortnite dance I don't understand why you don't see that,t3,Q6294,['clinton'],NA,female,NA,United States of America,1947-10-26T00:00:00Z,First Lady of the United States,Democratic Party,Hillary,Clinton,FALSE,FALSE,FALSE,TRUE,['fortnite'],"['do', 'understand', 'see']","['bill', 'name', 'dance']",[],[],['appos'],0.6568571428571428,0.4687142857142857,0.5039999999999999,teenagers,0
faau728,"Boris Johnson entire career has been like this, Boris Johnson has left a trial of disaster projects the entire way. Boris Johnson was awful as London mayor, Boris Johnson has been corrupt and feckless Boris Johnson entire political career. This is just the Peter principle played out to the extreme!",t1,Q180589,['Boris Johnson'],NA,male,White British,United Kingdom,1964-06-19T00:00:00Z,Member of the 58th Parliament of the United Kingdom,Conservative Party,Boris,Johnson,FALSE,FALSE,TRUE,FALSE,"['entire', 'entire', 'awful', 'corrupt', 'feckless', 'entire', 'political']","['be', 'leave', 'be', 'play']","['name', 'career', 'name', 'trial', 'disaster', 'project', 'way', 'name', 'mayor', 'name', 'name', 'career', 'principle', 'extreme']","['career', 'entire', 'trial', 'way', 'entire', 'awful', 'corrupt', 'feckless', 'career', 'entire', 'political']","['be', 'leave', 'be', 'be']","['dep', 'nsubj', 'nsubj', 'nsubj', 'parataxis']",0.1741666666666666,0.1795333333333333,0.1941,unitedkingdom,1
egzlh2l,They deserve what They get if They dont back Jeremy Corbyn,t1,Q291169,['Jeremy Corbyn'],NA,male,NA,United Kingdom,1949-05-26T00:00:00Z,Member of the 58th Parliament of the United Kingdom,Labour Party,Jeremy,Corbyn,FALSE,FALSE,TRUE,FALSE,[],"['deserve', 'get']",['name'],[],[],['npadvmod'],0.2479230769230769,0.1716153846153846,0.1974615384615384,unitedkingdom,0
f6jcumq,"So what you're saying is you don't actually care about what's best for the country, just what politicians can con people into voting for?And you think that's a reason to put Corbyn -a Brexiter- in power? To give Boris more opportunities to push the same con the Tories are selling?",t1,Q291169,['Corbyn'],NA,male,NA,United Kingdom,1949-05-26T00:00:00Z,Member of the 58th Parliament of the United Kingdom,Labour Party,Jeremy,Corbyn,FALSE,TRUE,FALSE,FALSE,"['good', 'more', 'same']","['say', 'care', 'be', 'con', 'vote', 'think', 'put', 'give', 'push', 'sell']","['country', 'politician', 'people', 'reason', 'name', 'power', 'opportunity', 'con']",[],['put'],['dobj'],0.1531186440677966,0.1242542372881355,0.1446949152542372,unitedkingdom,1
ea846ts,"Much as most of us hate Blair, and with valid reason, Blair sure did a number on homelessness in the UK.\n\nShame that the Tories have rolled that back along with so much else.",t3,Q9545,['Blair'],NA,male,NA,United Kingdom,1953-05-06T00:00:00Z,Member of the 51st Parliament of the United Kingdom,Labour Party,Tony,Blair,FALSE,TRUE,FALSE,FALSE,"['most', 'valid', 'sure', 'much']","['hate', 'do', 'roll']","['name', 'reason', 'name', 'number', 'homelessness']","['much', 'most', 'sure']",['hate'],"['dobj', 'dep']",0.5528888888888889,0.3836666666666666,0.5255555555555556,unitedkingdom,1
ejidua3,Ian Blackford referencingURL SNP MEP to Europe: ' colleague today in parliament and emphasizing that Scotland will not follow the UK into darkness.,t3,Q18921442,['Ian Blackford'],NA,male,NA,United Kingdom,1961-05-14T00:00:00Z,Member of the 58th Parliament of the United Kingdom,Scottish National Party,Ian,Blackford,FALSE,FALSE,TRUE,FALSE,[],"['emphasize', 'follow']","['name', 'colleague', 'today', 'parliament', 'darkness']",[],[],['dep'],0.1599615384615384,0.1183846153846153,0.1533846153846154,unitedkingdom,0
euwfayt,"Ok I see what you mean.So I was using the word in terms of the word actual meaning. However, frankly even people you're talking about who say they're socialists even though they're social democrats at most (e.g. Bernie Sanders if you judge on policy), they would still not be lib Dems. You might be able to find some bizarre lefty lib Dems, but as a rule the party is not for socialists, social democrats or anyone like that. It's for liberals.",t1,Q359442,['Bernie Sanders'],NA,male,Jewish people,United States of America,1941-09-08T00:00:00Z,"Mayor of Burlington, Vermont",Liberty Union Party,Bernard,Sanders,FALSE,FALSE,FALSE,TRUE,"['actual', 'social', 'able', 'bizarre', 'social']","['see', 'mean', 'use', 'talk', 'say', 'be', 'be', 'judge', 'be', 'be', 'find', 'be']","['word', 'term', 'word', 'meaning', 'people', 'socialist', 'democrat', 'name', 'policy', 'lib', 'lefty', 'lib', 'rule', 'party', 'socialist', 'democrat', 'liberal']",['even'],[],['appos'],0.1505204081632652,0.1029081632653061,0.1375408163265306,unitedkingdom,0
e4cdoyu,I reckon Trump/Bannon/Alex Jones/Boris/ is a true believer.,t1,Q180589,['Boris'],NA,male,White British,United Kingdom,1964-06-19T00:00:00Z,Member of the 58th Parliament of the United Kingdom,Conservative Party,Boris,Johnson,TRUE,FALSE,FALSE,FALSE,['true'],['reckon'],['believer'],[],[],[],0.726,0.50425,0.6777500000000001,unitedkingdom,0
elgsig3,"I have major doubts about this guy,  Pete Buttigieg seems to be trying really hard to be likeable and non-threatening without much substance.  I doubt Pete Buttigieg would even approach non-social progressive issues.",t3,Q7173106,['Pete Buttigieg'],NA,male,Maltese American,United States of America,1982-01-19T00:00:00Z,United States Secretary of Transportation,Democratic Party,Pete,Buttigieg,FALSE,FALSE,TRUE,FALSE,"['major', 'hard', 'likeable', 'non', '-', 'threatening', 'much', 'non', '-', 'social', 'progressive']","['have', 'seem', 'try', 'be', 'doubt', 'approach']","['doubt', 'guy', 'name', 'substance', 'name', 'issue']",[],"['seem', 'doubt']","['dep', 'appos']",0.2014772727272727,0.1581363636363636,0.1987272727272727,uspolitics,3
evqqod7,"Freedom of speech. Radical.Freedom of speech for white nationalists and Christian supremacists only. Secure national borders. Radical.From whom? Immigrants aren't our enemies, Immigrants helped build the Nation. This is classic scapegoating.URL Putting the US ahead of China. Radical. Failing miserablyURL is pretty radical, I suppose. Putting the embassy in Jerusalem Jerusalem like our President said that they would. Radical.Ignoring, of course, the reason no President other than Trump was stupid enough to do it.URL Sometimes people say things and people do not understand the words that people are using.Agreed. Sometimes people are just liars.Like our President.",t1,Q22686,['Trump'],NA,male,NA,United States of America,1946-06-14T00:00:00Z,President of the United States,Republican Party,Donald,Trump,FALSE,TRUE,FALSE,FALSE,"['radical', 'white', 'christian', 'national', 'radical', 'classic', 'radical', 'radical', 'radical', 'other', 'stupid']","['secure', 'help', 'build', 'put', 'fail', 'suppose', 'put', 'say', 'ignore', 'do', 'say', 'understand', 'use', 'agree']","['speech', 'freedom', 'speech', 'nationalist', 'supremacist', 'border', 'immigrant', 'enemy', 'immigrant', 'nation', 'scapegoating', 'url', 'miserablyurl', 'embassy', 'course', 'reason', 'name', 'url', 'people', 'thing', 'people', 'word', 'people', 'people', 'liar']",[],[],['pobj'],0.2117209302325581,0.1536046511627906,0.2067209302325581,uspolitics,1
eixlawl,"I won't get anything at all from your post history because, I'm sorry to have to tell you, you're not nearly interesting enough for such a review.  Your Team Clinton roots show, tho.",t1,Q1124,['Clinton'],NA,male,white people,United States of America,1946-08-19T00:00:00Z,Attorney General of Arkansas,Democratic Party,Bill,Clinton,FALSE,TRUE,FALSE,FALSE,"['sorry', 'interesting']","['get', 'be', 'have', 'tell', 'be', 'show']","['post', 'history', 'review', 'team', 'name', 'root']",['root'],[],['appos'],0.1647954545454545,0.1174772727272727,0.1459090909090909,uspolitics,0
emz55im,I suppose now that the sedition of Obama is about to be exposed Obama might be right.,t3,Q76,['Obama'],NA,male,African Americans,United States of America,1961-08-04T00:00:00Z,President of the United States,Democratic Party,Barack,Obama,FALSE,TRUE,FALSE,FALSE,"['about', 'right']","['suppose', 'expose', 'be']","['sedition', 'name', 'name']",['right'],['be'],"['pobj', 'dep']",0.2079545454545454,0.1360454545454545,0.1861818181818182,uspolitics,1
e9tm207,Trump should have that Judge arrested for impeding Dictator rights,t3,Q22686,['Trump'],NA,male,NA,United States of America,1946-06-14T00:00:00Z,President of the United States,Republican Party,Donald,Trump,FALSE,TRUE,FALSE,FALSE,[],"['have', 'arrest', 'impede']","['name', 'right']",[],['have'],['dep'],0.47825,0.51325,0.68175,uspolitics,2
f93bw1t,"Warren published detailed m4a plans, got heavily criticized.Bernie refuses to answer how to pay for m4a, nothing.",t1,Q359442,['Bernie'],NA,male,Jewish people,United States of America,1941-09-08T00:00:00Z,"Mayor of Burlington, Vermont",Liberty Union Party,Bernard,Sanders,FALSE,FALSE,FALSE,TRUE,['detailed'],"['publish', 'get', 'refuse', 'answer', 'pay']",['plan'],[],[],[],0.1561904761904762,0.1406190476190476,0.1701428571428571,uspolitics,0
elhqyfk,"On April 9, Democrats in the Assembly’s Higher Education Committee  voted 15-11 in favor of holding a bill to expand benefits for certain  military families for consideration, as the Assembly’s Higher Education Committee had done several  times before, effectively ending the Assembly’s Higher Education Committee progression to becoming law.    Trump said ""Gold Star families,"" though there is no official federal definition, according to the Department of Defense.    Democrats also approved college tuition assistance for undocumented immigrants during the current legislative sessionURL, which was approved April 1.",t3,Q22686,['Trump'],NA,male,NA,United States of America,1946-06-14T00:00:00Z,President of the United States,Republican Party,Donald,Trump,FALSE,TRUE,FALSE,FALSE,"['certain', 'military', 'several', 'official', 'federal', 'undocumented', 'current', 'legislative']","['vote', 'hold', 'expand', 'do', 'end', 'become', 'say', 'be', 'accord', 'approve', 'approve']","['favor', 'bill', 'benefit', 'family', 'consideration', 'time', 'progression', 'law', 'name', 'family', 'definition', 'college', 'tuition', 'assistance', 'immigrant', 'sessionurl']",['family'],['say'],['dep'],0.2392660550458714,0.1520642201834862,0.2379633027522935,uspolitics,0
