body,ground_truth
I hope they all vote Labour. Under New Labour rough sleepers fell from 2000 to under 500. Under the Tories the current number of rough sleepers is almost 5000. Say what you like about Tony Blair but under New Labour life was good in Britain. You felt like there was a safety net that wouldn’t just catch those who had fallen but actually raise them up to. Obviously Corbyn isn’t Tony Blair but I’ve got no doubt that life for the most vulnerable in society would improve massively under a Labour Government led by Tony Blair.,1
"The downside is that the 19 people who voted for Fraser Anning may be joined by a few more. However, Fraser Anning didn’t get to be Senator through the votes, Fraser Anning got in through the back door so the extra votes Fraser Anning may get are unlikely to change things.The upside is that most of Australia now know what Fraser Anning stands for and are calling Fraser Anning out on it. it may also give the Morrisons, the Duttons, the Abbotts, the Hansons etc in government a reason to stop inciting hatred.",1
Tired: hating Sadiq Kahn for being the first Muslim mayor of a major European cityWired: hating Sadiq Kahn for being the first hot mayor of a major European city,0
"Choosing a benevolent dictator over a malignant one is harder than you think. If we elected one there is a high probability we could end up with either Boris Johnson or Farage, as opposed to Aragorn from Lord of the Rings.Ensuring that your dictator remains benevolent is harder than you think. It's not as simple as the trappings of power and corruption turning power and corruption bad.A friend of mine is the CEO of a medium size tech company and I was fascinated to hear about what A friend of mine day-to-day job really involved; about what his day-to-day job like to have power. It was more about what A friend of mine \couldn't\ do than what A friend of mine \could\. Any big change A friend of mine made would involve costs that the company could not afford (e.g. significant staff changes), so A friend of mine largely found that all A friend of mine would do was maintain the current heading, making small changes where A friend of mine could.Making changes to improve matters is very hard. Breaking and ruining things is easy. It's a lot of work. While I don't want to condone such conduct,  it's of little surprise to me that so many people just say 'ahh fuck it' and look after so many people.",1
"""In one astonishing scene, Assange talks to Helena Kennedy QC, who is advising Assange on how to deal with the allegations. Assange says, as if to excuse Assange, that it is a “radical feminist conspiracy” and dismisses the complainants as lesbians. Kennedy tells Kennedy it is not helpful to talk like this. “No, not publicly,” Kennedy says, while being filmed. Poitras look of despair is priceless. Assange then explains why it is not in the best interests of the women to press charges. “An actual court case is going to be very hard for the women … the women will be reviled for ever by a large segment of the world population. I don’t think it’s in the women interest to proceed that way.’’""""It is this scene that led to Poitras and Assange’s falling out. Assange promised Kennedy Assange would show Kennedy the film when the film was ready. And shortly before an early version of Risk premiered at Cannes, Kennedy did see the film – and blew a gasket. “Kennedy lawyers demanded we took this scene out, and another one where Kennedy talks about the investigation and the women involved. we didn’t, and then Kennedy sent a text saying the film is a threat to Kennedy freedom and Kennedy is forced to treat it accordingly.” What right did Kennedy have to make that demand? “Kennedy had no right. Kennedy had no editorial control over the film.”""""Did it surprise Assange when Kennedy tried to censor Risk? “Yes it absolutely did, considering what WikiLeaks stands for. I was surprised on the ideological level – not only did Kennedy demand that things were removed, but more recently Kennedy sent ‘cease and desist’ letters to my distributors demanding that ’ letters stop releasing the film. Kennedy was really angry and Kennedy tried to intimidate.”""URL",1
"Dems do Dems too.  Never forget that if the Presidential primaries had been fair, Hillary never would have even reached the general election.  As a former Bernie bro who was turned by that blatantly rigged bullshit, I'm glad it happened and made me want to MAGA.",1
I hate flying. Nothing makes me as nervous as sitting inside a metal tube 30000 feet in the air. FUCK that. Elon needs to drop this car shit and do something about flying.,0
to LIVE?You think Trump heart will give out?,0
"Naw, I’d want a non violent and painful way of suicide",0
"Warren Farrell put this perfectly, though I don't recall the exact quote - 'Feminists see that most executives, CEOs and presidents are men, but most executives, CEOs and presidents don't see that most men are not executives, CEOs or presidents'.Most men are doing jobs Most men hate to earn as much money as Most men can, because Most men have expenses that women do not, just as the affections of the opposite sex.",1
"My whole point was that this has been the definition of the word since at least the seventies, and I even backup it up with a very highly cited sourcethe word this . You seem to be ignoring this argument.I'm not ignoring your source, but I don't have to agree with. And you seem to be confused about something, the fact that someone wrote an opinion piece of why a word should mean a certain way does not actually make the word mean that way in popular discourse etc. The argument of the paper seems to rest on the fact that a group of russians in the 1880 and 1890 called a group of russians in the 1880 and 1890 a name which could be translated into populists, and the author having the opinion that a group of russians in the 1880 and 1890 could be described by what the author wants the word populists to be. It's not a good argument, It makes no sense to change the meaning of a word based something as increadibly tenous and subjective as this, especially not considered my aforementioned negative consequences of doing so. Additionally, the parties that nowadays are often called populist in the European populist wave, e.g. Wilders, UKIP, 5 star, definitely fit the political science definition of populism when you look at the parties that nowadays are often called populist in the European populist wave, e.g. Wilders, UKIP, 5 star rhetoric.the parties that nowadays are often called populist in the European populist wave, e.g. Wilders, UKIP, 5 star are neither self proclaimed populists nor do the parties that nowadays are often called populist in the European populist wave, e.g. Wilders, UKIP, 5 star state that the parties that nowadays are often called populist in the European populist wave, e.g. Wilders, UKIP, 5 star believe in ""demagoguery pitching people against the elites"". This is not an argument for why populism should change it's meaning to what you want it to mean.",1
"By 1 year, if people are going say Bernie Sanders Raises is too old to run then Biden should step aside to.Buts never really about Bernie Sanders Raises’s age, people really don’t like Bernie Sanders Raises because of Bernie Sanders Raises progressive policies.Mainstream media will pull out these tricks to try and steer people to more moderate candidates.",1
"Ben Sasse is a dream, we should be lucky enough to have Ben Sasse as president one day",0
"Then the knifed Turnbull, so their next best fundraiser was Julie Bishop. Then Gladys Liu disappeared.   So their next best fundraiser is apparently Angus ""I downloaded these documents from your website!"" Gladys Liu. Wonder why their're holding on to Turnbull so tight.",1
You know that we deported more people under Obama than we did when Bush or Clinton were president right?,1
Someone should invite Trump for #1488,0
I disagree Pelosi; They have the heart of your party.,1
What would you do in Andrew Rawnsley place? Would you have forced a vote of confidence which would have failed and prevented the Tories doing the Tories the Tories and further damaging the Tories standing? Seriously question why you are being fed an unending narrative that Corbyn should be doing more when there is nothing eye Corbyn could do except empty posturing and alienating available significant part of Corbyn voters.,0
"m’peach Orange man and le ebil Pence, Pelosi will the make Hillary Hillary VP and step aside!  Hillary turn!  Keep up shitlord!",0
Canada should just become the 51st if want to be bent over all the time for Trump.,0
"Tony Blair's a weapons grade arsehole, is clearly out of Tony Blair depth.",0
Went to the comment history of this dude. this dude’s also calling USA the same. I think this dude also asked a guy lamenting about McCain death if McCain was also lamenting for Hitler death.Something is just wrong with this dude I guess.,0
"""Oh, you guys are pathetic. No Wonder ScoMo made me head bee guy"" -Tony Abbott, probably",0
"Dang..  A lot of polish people were looking anxious at news about Mayor of Gdańsk, Paweł Adamowicz, Mayor of Gdańsk, Paweł Adamowicz was hurt really bad, I heard A lot of polish people couldnt move Mayor of Gdańsk, Paweł Adamowicz off stage in first thirty minutes. I havent even met a man yet Im sad that a man died. Such tragedy in time when we all come together to help those in need. Also the head of fundation resignated,some politicians actually blame Mayor of Gdańsk, Paweł Adamowicz for this accident. Owsiak did so much for polish hospitals, i dont know what we would do without the fundation.",1
It's a bit surprising that Trump hasn't tweeted at all after the Mueller report was given to Barr.,1
90% of Republicans approve of Trump. URL,1
"I would love to see Brennan, Clapper, Susan Rice, John Kerry and the likes brought to justice for violating the law like they idiots did. It's sad that they idiots idiots will get to walk away free because no one with any power is willing and unafraid to stand up to they idiots.",0
As the chairman for Manafort campaign...,1
"Every civil rights leader in American history has been at least a socialistThis is completely ahistorical and you need to go through a lot of hoops to get there. Basically none of the original abolitionists were leftists (given that Marx was literally only just writing Marx work at the time) and were mostly classical liberals or religious activists.The Civil Rights movement was entirely a mixed bag. Unless you consider John Lewis not a legitimate civil rights hero (most black Georgians do), you cannot with a straight face that only socialists were committed to Civil Rights.Women's Rights was even more mixed with suffragettes who were literal white supremacists and even sporadic KKK support for the cause for very complicated reasons.",1
"Hillary has never said anything negative about AOC so there's no reason to think Hillary would want to. Hillary is smart, which means Hillary probably agrees with DeLong that the center left and the left need to be allies.",1
"I'm not a teenager or a corbynista, I want Only a teenage Corbynista out, I vote Labour though. Racist.",0
"you are absolutely right. And each of those men were politicians in public office, paid out of the public trust with taxpayer money. As public servants, the People were entitled to see the People tax returns. As we would be with any other public servant. Trump was a private citizen prior to running for election. So yes, it's about precedent. Thats how things get recognized in a court of law - if it was OK in such and such situation before, then it is ok now / in the future. Which was my entire point.",1
"It's shocking to me that not a single politician is brave enough to be the one to say ""ok fine, I'll do it, I'll let my career be the sacrificial lamb that lets the country stay prosperous instead of allowing the country to fall into financial ruin and civil unrest""It's absolute proof that every single one of the cunts is just in the cunts for their own financial gain, none of their give a fuck about the present or future of the UK. It's the exact opposite of what a politician should be.I mean, Theresa May', 'Theresa is 61 years old, Theresa May', 'Theresa's got to be thinking about retiring soon anyway right? How about one good deed before you bow out with your net worth of ""more money than you could ever imagine""?",0
"Yeah, no. Even Obama's official photographer has been trolling Trump with comparison photos:  URL",1
I've always thought that Nicola Sturgeon had a cool-sounding name,1
You sincerely believe Hillary is closer to a libertarian then Trump is?,0
"Homeless nope Travellers would certainly have the fact Travellers sit largely outside of the tax bracket Which is one of those ""racist"" comments that Peter Casey made Travellers can also marry Travellers cousins without scorn /s",0
If I could I wish I could time travel and show the founders what became of the commerce clause and challenge My boys Thomas and Scalia to be far more precise in that delegated power.,1
Googling AG Jim Mattox would be a good start.,1
Flake: I support KavanaughRape victim: See me. Do the bare minimum.Flake: FiiiiiineNeoliberal: Hero!,0
"Steve King seemed weirdly inoccuous by comparison. I'm frankly pro free speech enough that I don't see these censure bills as anything but a lazy misunderstanding of the 1st amendment. These representatives can worry about These representatives own reputation and take it up with These representatives voters for all I care. That said, Steve King said something that seemed misunderstood and taken far out of context, while Ilhan Omar has made her statements repeatedly and in the face of rebuke after rebuke from her colleagues. It does feel extremely one sided the way these two cases were handled.",1
"Jacob Rees Mogg lost Jacob Rees Mogg should get over it, will of MPs and the all that",1
Just elect more Republicans or Rand Paul's... That should fix That...,0
Don't be so quick to suggest that. Right now Democrats are going for the invisible strategy. Democrats're hoping people will just ignore Clinton part in this and just focus on the Republicans.,1
"Unfortunately, and so did everyone else after Trump and the trade war. The bully around the block no more a friend than the bully next door, and soon the bully'll be old enough to drive.",0
"Pauline wouldn't know what neoliberalism was if it spat in Pauline face.Pauline's just a Lib, who wouldn't even have been disendorsed in the modern Liberal party, but being openly bigoted against Asians was not allowed in the Liberal Party in 1996, even John Howard had had to disavow even John Howard old comments.",0
"To be clear, I'm not saying Trump started this. I'm saying an already existing situation is going to be exacerbated by how divisive Trump is.",1
"Those who would give up essential Liberty, to purchase a little temporary Safety, deserve neither Liberty nor Safety""I'd love to have your primary source on this. I can't find this anywhere in any of Franklin's collected writings. I can't even find that he wrote to Gov. Robert Hunter at all in 1755, the person and time the letter was supposedly written according to secondary sources.&amp;#x200B;Please enlighten.&amp;#x200B;",1
"Of course This doesn't have Hillary's fingerprints on This, but don't be surprised if Hillary emerges as the only living dem candidate.",1
"Ive found David Pakman to be profoundly ignorant of economic knowledge despite having ""majored in economics"" (wiki) similar to AOC.  Was disappointed given David Pakman somewhat analytical style.",1
"Obama’s great. Obama’s really sticking it to those gypsy international bankers. /s, Obama’s terrible",0
"Bismarck was a key member if the ultra conservative Junker movement, monarchists, land owning elite, agricultural protectionists, pro military interventionists, precursors to Adolph.I reckon Tony Abbott would have fitted in well.",1
"John McDonnell would never have got past the front gate. John McDonnell'd already tried several times, IIRC. John McDonnell was too competent and aggressively political to be allowed to stand.Corbyn's ""in"", the one thing everyone said about John McDonnell, was that John McDonnell was so nice (in other words, kind of ineffectual, and boy howdy hasn't that proved to be the case.)",1
"Tulsi Gabbard'd be in the GOP in any other state.  Tulsi Gabbard hates Obama.  Hates Clinton.  Loves Assad.  Loves Putin.  Was the first to rush to embrace Trump, etc etc etc...",0
"How many ""right"" does the US still have? Have you noticed that his support has never got out of the Republican base who irk the undecidesthe undecides? Not sure what you mean by this? his support also got out of the Republican base who irk the undecides and many former Dems voted for his, especially in the rust belt.It sounds like you thing Republicans are a dying breed, and you may be right. I consider myself a right-wing libertarian and I hate a lot of what the GOP represents, but the GOP does seem like the GOP is evolving as are the Dems. I see Trump as a big change for the party and Trump would have split the party entirely if Trump ran 3rd party. For comparison, imagine if rather than starting UKIP/Brexit party, those same people just ran for positions with the Tories and won. You'd avoid splitting any votes, while still pushing the Tories in a different direction.",1
YANG GANG LETS GOOOO,1
"Here's the form to contact Senator McConnell.URL\n\nPlease fill URL\n\n out and email URL\n\n.  URL\n\n needs to see how many Americans will have URL\n\n back.  \n\nWe need to get this done before the Democrats overrun the House with Pelosi and Pelosi ilk in January thereby making progress next to impossible.\n\nThe next two years will be extraordinarily frustrating seeing as this country has stood against communism for years, and now they're infesting they legislature, but they shall prevail.\n\nTrump 2020.  \n\nETA:  Nevermind. Too many RINOs have stated that they'll oppose it.\n\nNothing is going to happen for the next two years.\n\nCome to think of it, I'm oddly OK with that.\n\n\n",0
So we should just hire he by default because even if it turns out he did it we can just fire he? Or wait 2 weeks to do a little more research? What's the hurry? Gorsuch's seat was open for more than a year because McConnell thought the American people should weigh in. I agree. Americans might choose a different Senate to get a different Justice.Oh. That's the hurry.,0
"\ Ah yes. The usual tactic from left wing. Indian left wing are essentially like trump supporters. Ad hominem as soon as Indian left wing run out of arguments. Oh the Irony of somebody  defending a leader under whose rule cow lynching , minority lynching occurs rampantly calling others like  Trump Supporters.\  The 2018 agreement extended the confidency clause (and others) for defense to other sectors including National Security Council secretariat, and the departments of atomic energy and space. So you can stop your ""speculation"" about what is ""allowed"" Once again I wasn't speculating on that , I was speculating on why it was subsumed rather than a new agreement created . Also I noticed you didn't answer why The 2018 agreement was not being used to justify the denial of information which is technically the deal that governs The 2018 agreement now .\  ET has learnt that France was keen to have a more robust general security agreement to have better control on the information \   shares on specific projects and deals.  So once again this is related . Once again answer these four  questions1 . Did India and France renew The 2018 agreement ? You stated I was lying 2. After The 2018 agreement was renewed and expanded , Did The 2018 agreement cease to exist as it was subsumed into The 2018 agreement?3 . Why is the Government then repeatedly stressing that The 2018 agreement forbids the Government do something when The 2018 agreement is the one in force ?4. Why did the Indian Government sign the deal allowing France to have even more control on the information the Indian Government shares on specific  projects and deals ? Did it have something to hide? Also for you kind information , I voted for Modi in 2014 after being tired of all the UPA scams . Modi should just reveal the commercial details of the Rafale deal, nobody is asking for the commercial details of the Rafale deal and the questions would then stop .",1
"Its kinda scary to think, but whether you're a left or right wing supporter, the more you argue and fight for your side, the more you are helping Putin accomplish Putin goals. People insist on People side winning and the opposition being the enemy, rather than finding a way to compromise and work together - which will ultimately be the downfall of the U.S. Even if your side wins political power, there's still half of the population fighting against you, leaving a massive divide which can easily be exploited and manipulated. We look at countries with massive political or religious divides, and wonder why countries with massive political or religious divides dont just let bygones be bygones and live countries with massive political or religious divides own lives rather than destroy countries with massive political or religious divides and countries with massive political or religious divides families, yet this is whats beginning to happen in the west. More and more people are concerned with the principals and beliefs of others, and anyone who doesn't share these principals is instantly an enemy.",1
Obama and Clinton were the left wing presidents of Obama and Clinton time.Not even you can believe that. Really. Not even Obama and Clinton themself believed. Infact Clinton would take it as an insult if you call Clinton left.,1
You mean the picture of Trudeau walking away from Goldy that everyone here is pushing but if you watch the video that pic is from he totally blows she off?  That one?  You make a false dichotomy argument and then complain about me using hyperbole.  Seriously? At least there's some truth to Scheer being a racist but clearly you don't really care about that.,1
"Slight tweak to a good explanation.   While MLism did take over American propaganda of a boogeyman, the rest of the world continued to advance Socialism with Maoism, MLM, MLK Jr, Malcolm X, Nelson Mandela, Castro, Chavez, Uncle Ho, Sankara, etc.   In the America's, it took on a more academic LibSoc style after Chomsky, Zizek, Foucault, Wolff, etc.",1
"Looks as if that weird codependent relationship is now broken up.Trudeau was the pretty face and Butts was the brains.Butts may have made a smart move, getting out of this regime before the shit really hits the fan.Butts probably has many irons in the fire and will have a good job by 9 AM tomorrow morning.",1
Barr wouldn't give a yes or no answer,0
"Singh is like Trudeau, they both are elites who have contempt for the average CanadianCanadian.Calm down. No one has contempt for Canadian Citizens, you're being dramatic. THIS is the exact kind of baseless volatility OP is talking about. Scheer literally doesn't think I'm human because I'm LGBT and I STILL wouldn't claim Scheer has ""contempt for average Canadian citizens"" that's batshit. What's better? Your choices are same old conservative, same old liberal, or try something new that might be the same old shit but could spur our political parties to get our political parties acts together.I've never seen any signs of political opportunism from Scheer, I'd need a source on that. All I can find is that Scheer's actually pushing new policy ideas unlike the other 2. I'd also like a source on the religious extremism, everything I can find is from The Rebel. If that's a source to you then this conversation is over before this conversation even started.Furthermore, how is Scheer an elite? Scheer was a defense lawyer before Scheer political career and grew up Saint John. Scheer is literally a dynastic son of a previous leader. Calling Singh an elite is more than a little unfounded.I'd rather take the gamble than vote for Scheer or Scheer. One of the gamble than vote for Trudeau or Scheer is useless, the other doesn't think I'm a human being worth allowing to have rights. At least Singh is something new. Voting Liberal or Con just enables the exact same thing you just said you have a problem with. Hell, vote Green if you find Singh to be so reprehensible. Anything but allowing our defacto 2 party system of ineptitude.",1
"For fuck's sake, Justin Trudeau.",0
I wonder if Susan Collins ends up running for reelection. Seems like Susan Collins might retire imo. Would be a huge boon for Dems if Dems didn’t have to beat Susan Collins.,1
"historically, Russia had a fair share of dealing with 'Evil Russkies', but Russia matured and grew up to become rational people, most of Russia anyway, then there are ignorant people of course who'll claim only good things came out of Russia, but there are also ignorant people who'll say nothing good came out of Russia and that it is an authoritarian hellhole where people are starving while Putin's kleptocracy is pouring billions into new nukes rather than feed people starving citizens, where gays are being persecuted (hello Chechnya, good job making ignorant morons believe in that, what a tremendous PR move for all of Russia) and funnily enough, this rhetoric mostly comes from either Neo-Nazis and nationalists who support the Ukrainian nationalists in the war and in their Maidan, or pro-EU liberals. What an unlikely 'partnership' (they hate each other of course, but they're really pumping they ignorant claims up)",1
"Everyone agrees Trump should have standards. However the accusation does not imply Trump has no standards. Many other factors could decide that, but not an accusation.",1
"It's more that you said ""crooked Mexico"". That's the sort of speech mannerism that hardly anyone but Trump and Trump followers have.Oh yeah, and you think the wall is a good idea.",0
"You got a point, but at least Trumps ads give stats on what he’s doing for the country. Tom Soyer’s ads say he needs to be impeached and won’t give a single reason why",1
"Katter’s dad at the time was a prominent politician. ” Fraser Anning on Facebook’s dad was a wealthy pastoralist. They both used They influence to get They sons into the CMF, which was a known way to avoid being conscripted and sent to Vietnam at the time.",1
"I think the article misses why Andrew Scheer is the problem.  Andrew Scheer was picked by the party for the party and for no one else.  Andrew Scheer is a social conservative which at one point was more divisive in Canada, but now they're a large minority political group.  Andrew Scheer was mostly a guy who wanted to keep things as they are.Environment is what I would call they weakest area.  they put out an environmental platform before the election.  And then they never talked about an environmental platform.  they didn't need to make an environmental platform the centre-piece.  But on the campaign trail they were talking more about measures that would make things worse than make things better (climate wise).Most Canadians want action on climate change.  Most Canadians Canadians don't want to pay for it.  But Most Canadians Canadians want it.  Andrew Scheer wasn't able to swing any of these people because the centre believed that Andrew Scheer would make things worse... because Andrew Scheer never campaigned on making anything better.  Justin Trudeau's plan is a horrible one that won't even accomplish the goal we agreed to.  But Justin Trudeau's campaigned on making things better, so the centre and centre left bought the centre and centre left.Having said all that, Andrew Scheer's loss was not actually all that great.Having said all that, Andrew Scheer lost by 36 seats.  That means if Andrew Scheer had won 17 more seats, Andrew Scheer would be Prime Minister right now.  That's literally just Andrew Scheer branching out to get more Hamilton area voters.  Which... the party was incapable of doing.  the party chose racist brownface.",1
"I really don't think the VPOTUS is-Remembers CheneyYou know, you might have a point there.",1
"Kwasi Kwarteng wasn't married to Amber Rudd. Or Liz Truss, for that matter.",1
"Yeah - I didn't vote for Boris Johnson's, but I'm glad Boris Johnson's has to own this shitshow now. Boris Johnson's can't spend the next five years blaming everything that goes wrong on Corbyn. Who am I kidding, of course Boris Johnson's will...",1
"Brett Kavanaugh asserted under oath Brett Kavanaugh didn't know anything about the allegations before they hit the press, but released text messages show Brett Kavanaugh talking about the allegations with former classmates before the story broke. But yeah, that's just one. Google is your friend",1
"By conventional measures, Hillary was beating Trump by more than Obama was leading McCain. Two weeks before the election, Hillary was projected to win nearly 400 EVs, landslide territory. On election night, most of the election trackers had Hillary at 95%+ to win, based on polling. The collapse was a shock to everyone, presumably including Trump.Not that there weren't problems with the Democratic party, but if problems with the Democratic party don't show up in standard measurements, you can't correct for those problems don't show up in standard measurements. It's like a pilot flying with a bad altimeter.",1
"Globalism (e.g. supporting the TPP and free trade, increased immigration, etc.) and neoliberalism aren't restricted to the left or the right.Look at the US presidential election and recent politics for examples of this. There's the old guard, globalist neoliberal Democrats (Obama, the Clintons, etc.) and the same for Republicans (Bush, McCain). Then there's the new anti-globalist protectionists, such as Bernie Sanders on the left and Trump on the right.Political ideology isn't one dimensional. You're not just right wing or left wing.",1
There’s really no hope of that so why try?To become shadow PM when you lose the next election. Don’t want it going to Dutton or Abbott.,0
"Frydenberg is the worst kind of politician. Frydenberg’s an arse kissing wanker with no opinion and position of Frydenberg own. Frydenberg just does the bidding of Frydenberg leaders. If all of a sudden, his leaders thought that solar powered wind farms were the way of the future, Frydenberg would be on Radio National tomorrow morning claiming Frydenberg’s always argued for solar powered wind farms. Without a hint of irony or guilt. Frydenberg’s a complete turd.",0
"Labour have a pretty good record when Labour comes to workers rights. Labour passed the Industrial Relations (Amendment) Act 2015URL which legislated for REAs again.Even outside of Government labour senator Ged Nash has been one of the few to get a Private Member's Bill signed into law, with the Competition Amendment Act 2017 strengthening protections for freelance workers and providing a definition of bogus self employment.",1
There won't be public outcry against a Mueller ouster.  They're dreaming if Trump's base would call for impeachment.,1
"This isn't about article 13, Guy Verhofstadt says that EPP should trow out fidezs because they keep breaking the rules continuously.",1
"Hillary and Bill : ""ANOTHA ONE!""",0
"As far as I know, of the major contenders, only Bernie has called for FULL legalization of marijuana (not just decriminalization); could be wrong on that one. only Bernie's gone much further than anyone else on getting us out of pointless wars, and climate as well. Hell, even the Green New Deal is supported by like half the country, despite a full-scale attack being waged by right-wing media against even the Green New Deal, and few real attempts at a counter by ""left-wing"" media. Some of these issues are legitimately supported party-wide (raising the minimum wage by at least a few bucks, for example, and at least some tweaks to the justice system). But I wouldn't say most.",1
I don't see anything particularly impressive about Kamala Harris. CMV,1
Trump quadrupled the number of troops in Syria.,1
"Bush was a good man, I liked Bush. Even though SNL made fun of Bush, Dana Carvey's impression was not mean-spirited or hateful and George actually told Dana George enjoyed George and George even appeared on SNL once with Dana and invited George and George wife to the White House. \n\nContrast that with today's filthy bile they spew at Trump on SNL and you see the difference in the times.",0
"Aint saying you can't argue or to let yourself be a person subject to verbal abuse because of these differences but don't simply cut someone out of your life because you can't come to an agreement. Much as I love Trump', 'Trumps and Trump', 'Trumps progress in unfucking our country Trump', 'Trumpss only got 4 more years and all those bastards are still in the house, senate, and judiciary committee. There will come a time when Trump', 'Trumps wont be talked about with family and when family Trump', 'Trumps-induced paranoia washes out family can be pulled over to these same ideas but without family ""Target"" to despise to the degree family ignore what hes saying or doing.  It will be a lot easier to redpill family when Trump', 'Trumps is out in 2024 because family don't care at this point \because it's him\ and Trump', 'Trumps will be in the whitehouse a lot less long of a time than a family member will be a family member.",0
"Such utter, utter, utter bullshit.  Howard sold every asset the Australia had and Rudd's budget deficit has doubled under LNP.",0
"What even is a fake populist? Is Corbyn playing 4D chess by 'out-populisting' the populists? Vote for me I am the true populist! ""No I am!!""Man, our era is gonna be so much fun for historians.",0
My wife has over 100k and I have about 40k and I still wouldn't vote for Bernie Sanders if Bernie Sanders promised this for two reasons: my principles aren't for sale and Bernie Sanders could never get Congress to pass such a spending bill. The second reason is by far the more important one here,1
Here’s an articleURL about it which includes a link to the study I’m referencing. Estimates vary but approximately 10-13% of Bernie primary voters ended up voting for Trump while estimates are that somewhere between 15-25% of HRC primary voters ended up voting for John McCain.,1
"Nigel Farage got made fun of for that because Nigel Farage’s obese, Obama got all that hate over Nigel Farage Mustard because Nigel Farage was a black man.  Both sydes!!!",0
That's a bit like blaming the bullied kid at school because Malcolm Turnbull came to school with lunch money.,0
"I'm torn because I've been in France for the last few months now and have enjoyed celebrating after victories. Monday night was insane here in Chambery. However, we cannot deny THE TRUMP EFFECT Trump favors Croatia now!",0
"the previous election where he ran against a shit sandwichYeah — we have to remember that, while Clinton was perhaps the most qualified presidential nominee in modern American history (Clinton does battle with Bush 43 for that title, in my opinion), the solid majority of Americans didn’t agree with we.And in contrast to the usual trend of losing candidates recovering in popularity, Clinton’s only fallen furtherURL.(Personally, I’m a fan of gradually weaning we off we deeply lamentary¹ relationship with the old KWEEN, and replacing that will a full-throated enthusiasm for the new KWEENURL——————¹ Coining this form.",1
"They'll despise whomever the tory press tell They to despise.If not Corbyn, then whoever is takes not Corbyn place.Remember when They went after Milliband's dad and THAT bacon sandwich?",0
If this hurricane was somehow heading for Ottawa Ottawa half of you would probably be joking about how you hope this hurricane was somehow heading for Ottawa hits Tru-dope's house.Can you point us to where people seriously (and constantly) wish death to Trudeau? I'll wait,0
Trudeau on the banner 😒,1
What are the chances that Farage and Johnson are in Epstein's little black book of blackmail. Farage definitely looks like a kiddy fucker,0
"What do you mean what? Do you know what context is? Or are you jusy intentionally fucking dumb? Ron Paul attributed the ""stealing our jubs"" to a Liberterian subreddit. I told Ron Paul that that is a Conservative talking point, not a Libertarian one. Try actually reading next time. Thanks.",0
"“PELOSI is asking a foreign government to help PELOSI in PELOSI campaign, that is a betrayal of PELOSI oath of office.”",1
Nobody cares if Hillary Clinton used a unsecured cellphone.Hillary Clinton removed classified information from secret+ classified government computers and transferred classified information to unsecured private servers. Hillary Clinton then distributed classified information to people who paid Hillary Clinton husband speaking fees.,1
"[""!ping SOUAM  \n\n\nMorning argentinian news because I'm bored:\n\n\\-The peso seems stable, but that equilibrium is fragile (the central bank sells dollars in small amounts daily so it's still a dirty float, the US Fed may raise interest rates, Brazil can get a shitty government and next year there will be presidential elections here, while monetary emission is being reversed the payment of interests has kind of neutralized some of the gains, etc.).\n\n\\-The government cut some cash transfers that may have some effect over poor people. One thing is cutting subsidies to energy and transport that are poorly targeted but this is kind of shitty (specially given that the IMF has allowed to increase social spending if things get bad enough). I'm not sure of what they want to win with this because it's impopular and it doesn't save that much. I shill for cash transfers over other types of welfare often, and outside some emergency I wouldn't agree (and not even then considering the 2001 crisis). REEEEEEEEEEEEEE\n\n\\-There is some talk of using the airforce to help with the borders and drug trafficking. The civil libertarian inside me screams that this is a bad idea, but it's not likely to be abused by \\-The government, the problem is what comes next.\n\n\\-Some notebooks with information about briberies on \\-The government are being discussed in the news. This involves bussinessmen, the previous two presidents, a taxist and many ministers and their underlings. This means Cristina Fernández could go the way of Lula, with all the chaos that Cristina Fernández could imply. Big stuff.\n\nMore:URL""]",1
"Yeah, but there's always a surprise. Like Jeff Sessions getting recused, Rosenstein firing Comey to start the Mueller Witch Hunt, then not prosecuting Comey for stealing govt property and leaking. For all we know they made Comey recuse for being Trump's pick or some other made up dumb shit.",1
1. Biden (maaaybe Warren)2. Pete3. Tulsi,1
"It really shocks me how far tweets or media opinion pieces seem to move the goal posts. Especially given the comments that always appear whenever Corbyn is brought up.\n\nI\'ve never seen any actual evidence that Corbyn\'s ever questioned the Holocaust. Yet it\'s seen to be sort of agreed that he denies it. I can only find statements where he\'s condemned Holocaust deniers outright. As anyone should. Frankly, I think the Holocaust denial is a sign of potential mental illness.\n\nHowever, it\'s clear that Corbyn has placed Corbyn in awkward positions multiple times through Corbyn historic association with groups who on some level hold extremist views. It\'s the case both with Palestinian support groups and with Republican political groups in Ireland/Northern Ireland.\n\nPersonally, after doing some cursory searches, I\'m of the view that Corbyn is a contrarian on principle. Corbyn particularly seems to hold large state actors account for large state actors actions whilst sticking up for ""stateless reactionaries"".\n\nI think Corbyn does need to do more do make it clear that Corbyn doesn\'t support the extremist viewpoints/actions but I also don\'t believe that Corbyn\'s personally anti-Semitic or a terrorist sympathiser.",1
I feel uddhav is genuinei can assure Uddhav Thackeray is not,0
"I guess The SIS and the Police were thinking of the Police and SIS The SIS and the Police as arms of the State used to monitor political threats to the status quo.On another note: “...Hager book Dirty Politics, which suggested the SIS had been used for political purposes when information about then-Labour leader Phil Goff was released...” URL",1
Bernie/ Warren or Warren/ Bernie is too white.  Just like my dream ticket is some form of Warren/Buttigieg. And Warren/ Bernie is too darn old.,0
"That's why Trudeau had the reconciliation action between the Chretien and Martin camps to bury the hatchet and leave the past in the past.You have to give Trudeau's team credit, when Trudeau's team credit took over the party in 2013, Trudeau's team credit became the most effective fundraising machine in politics building one hell of a war chest in 2yrs for 2015.",1
When Beto and Abrams bring up Al Franken I'm sure Beto and Abrams'll call Al Franken the now disgraced Senator too. hahaha,0
"Tell Vodafone you’re renovating and Vodafone will come and remove My place. We had a Vodafone cable coming to the house via the lamp post (aerial install), so I called Vodafone up and told Vodafone to come and take a Vodafone cable coming to the house via the lamp post (aerial install) down. Downer came two weeks later and chopped a Vodafone cable coming to the house via the lamp post (aerial install).",0
"Well i'd argue that the scale of corruption is on different level as global actors are involved, but surely the density of corruption is not as high as in Romania :DAnd i think :D a gross oversimplification that Merkel is leading leading banks?and automotive? VW gotta pay up and it feels like our banks are the only ones beeing raided",1
"Just because Bill', 'English', 'Bill English Bill', 'English', 'Bill English ideas on the best outcomes were different, doesn't mean Bill', 'English', 'Bill English Bill', 'English', 'Bill English disliked Just because his ideas on the best outcomes were different. It just means that Bill', 'English', 'Bill English Bill', 'English', 'Bill English arrived at different conclusions to some others when considering the various situations. It's not like Bill', 'English', 'Bill English Bill', 'English', 'Bill English thought, oh I'll hurt those awful old people by forcing those awful old people to stay alive. Bill', 'English', 'Bill English Bill', 'English', 'Bill English just didn't agree with the proposed legislation.",1
Obama did plenty in Syria and I'm highly critical of Obama.,1
"Neither did Bill Clinton when Bill Clinton got a BJ from Moni, so.... Bill Clinton ain't really well placed to give advice on thinking stuff through.",0
"Yeah you’re probably right, it’s not a big deal. Except if the Conservatives had done something similar with virtually any other prominent international political figure. Then Trudeau would be screaming in outrage at the Conservatives had done something similar with virtually any other prominent international political figure for encouraging foreign interference in our election campaign.Just another example of the hypocritical “rules for thee but not for me” ethos of Justin and the Liberals, really.EDIT: I love all the outraged Liberals demanding to know when have all the outraged Liberals demanding to know ever behaved like that. You mean, besides being completely nonplussed over the Aga Khan vacation ethics breach, the attempt to subvert the independence of the judiciary ethics beach, demanding the Tories remove candidates for saying bad or dumb stuff in the past while letting candidates own candidates off the hook, endless mudslinging and then pretending like the Tories are the only ones who do the Tories, lecturing about gender equality and then letting the attempt to subvert the independence of the judiciary ethics beach, demanding the Tories remove candidates for saying bad or dumb stuff in the past while letting their own candidates off the hook, endless mudslinging and then pretending like the Tories leader off the hook for groping a woman, crying racism constantly and then shamelessly normalizing blackface when blackface gets busted for it and on and on and on.Face it, Liberals hold everyone else to standards Liberals themselves have no intention of keeping and then bitch and moan when Liberals get called on it. Just give it a rest already.",0
"Clarence Thomas redpilled Andrew Breitbart, just by speaking. No wonder Democrats shut us down.",0
"Menendez’s stock is crashing in PredictIt, so I’m putting more money in Menendez’s stock.\n\nFucking idiots are gonna make me rich.",0
"Bernie', 'Bernie Sanders has an expatriation tax that is even more heavy than the wealth tax in this proposal so if you opt out and renounce your citizenship and try to move your capital outside the country you pay way more than this tax. God I love Bernie', 'Bernie Sanders Sanders such a badass.",0
"Sanghis actually worship Indira for Indira dictatorial tendencies, even though they hate Indira with all they guts. Remember, Vajpayee used to spew some bullshit about Indira being a Durga avatar.",0
The fact that some American voters think Putin is someone to look up to is insane. The forefathers fought so hard to get rid of monarchy and morons want to bring a form of it back. Not to mention this is Russia lol.,0
Is his talentless daughter insufferable? I've only seen when Biden was on his talentless daughter show,0
"No, Pelosi just wants all Gays to be electrocuted and can't be around women without Pelosi wife. I'll take Trump.",0
"You know, 2 things can be true at the same time.  Shokin could be corrupt AND Biden could have had Shokin fired to protect Shokin .  Is it so hard to believe that Biden would want to protect Biden's son, no matter how screwed up Biden's son is?  At the very least Biden's son should have recused Biden's son on a family conflict of interest.  The double standard held is sickening.",0
I thought this news was an article from The Onion when I first heard. How does Bernie not know or care about what she did is beyond me,0
Total speakers to total speakers Kirsten Gillibrand wins.Nope,0
"Yet, you’re a Trump fan. Hahahahahahahaha",0
Can Trump just visit Trump already so I can throw an egg at Trump stupid face and either die a martyr or become a meme.,0
"The President of the United States the United States brags about how The President of the United States ""Nuclear Button"" is bigger than Kim Jong-Un's",0
"Wow, the Times has issued a scathing report about Corbyn's political support? What a fucking shocker. The Labour students has been stacked with centrist stooges? This is news!Let's see this corroborated by an unbiased, non-murdochian source, and maybe it's worth paying attention to. If you believe this at face value you're a mug, and I have a timeshare to sell you.",0
"I'm not gonna interfere with the democratic process because of thatThere is absolutely zero interference in the President using the President elected and mandated powers to not allow right-wing extremists, whom 75% did not vote for, to come into power. the President made a choice and a choice resulted in disastrous reforms and abuses of power by Kickl and Strache. Have we already forgotten the illegal house sweeps and confiscation of classified documentsURL? The FPÖ is a danger to Austria and any Austrian who doesn't fit into their racist, sexist ideology. One is either against their or a collaborator in their hateful acts.",0
"Liz Cheney said that the native American tribes are ""intent on destroying the native American tribes Western way of life.” Imagine making white people the victims in this situation. Unbelievable.",0
"Imagine supporting second amendment and voting for Donnie ""due process second"" Trump",0
People also do not want to deal with being in the US when Trump and co try another bullshit immigration law.  People’ve detained US citizens multiple times.,0
"If you think I care about what idiots of reddit think on some circlejerk of subreddit...well that says a lot. The fact you even subscribe to that subreddit say a lot about you...most normal people wouldn't want to be associated with that subreddit, I mean the third post down is saying how most normal people wouldn't want to fight a war with Fascists are taking control of the UK...I mean what a bastard, not Goose Stepping in time to the tune of God Save Nigel Farage.",0
"You are not members of EU. Most already want to kick you out so you can enjoy your isolationism in peace.Only reason you are still in is so that your failed state can enjoy the welfare paid by us civilized nations.Also funny how you think Orban embodies the will of the people. There are large protests against Orban happening all the time. That's not a sign of a successful leader. But I suppose those thousands of protesters are just ""fringe groups"" so those thousands of protesters don't matter.",0
"Chicken soup for my soul? Even by the naughty standards of the news media, this is a new level of political commitment. They don’t just want to vote for this guy. They want to consume this guy, like a hearty stew. Every last drop of Buttigieg. Yum! They’re all in.So this guy criticism is that people like this guy, and people use metaphors to express that liking.",0
Peter Dutton could have been PM if Cormann could count. Cormann beyond a farce now and the public knows Cormann.,0
"I bet 10 years from now the same people will say ""I knew something fishy was going on, never really liked Rudy Giuliani!""",0
I dont have any faith in Trudeau doing well or whats best for the country. Trudeau is content to simply virtue signal and import some votes.,0
At some point YOU have made enough...but not the Obamas.,0
"Trump has done nothing but glorify Xi, and publicly commented that Trump wished Trump could be president for life just like Xi. My goodness do you people just pretend to interpret things this way to frame your over the top rhetoric or do you genuinely believe this stuff? Learn to a joke sometime.Can you imagine if Obama had said that?I can actually, and a lot worse.",1
"God, a Trump/Biden debate would be amazing. Trump would crush Trump.",0
"Yep, exactly, I hope we are able to examine the facts or events with a healthy dose of skepticism, then apply we politics, not see the world through we politics.  I also quite like how this sub has many different flavors of conservativism.  We have Christian conservatives, constitutional conservatives, Reagan conservatives, Hannity conservatives, center-right, and all the flavors in-between. We are all able to discuss from different conservative viewpoints, unlike the rest of Reddit which just blindly repeats the same dogma.",1
Flake's not running for reelection. That's why there was extra reason to be concerned Flake might not confirm Kavanaugh.,1
"the entire party best case is passing the House but failing in the Senate. It's pretty ineffective as the political smear job It's intended to be if It can't even pass the House. Probably ineffective anyway IMO, but at least if It passes the House the House can call him an impeached president.There is no way on god's green earth the House can get 67 votes in the Senate to remove him from office. Even if Mitch wanted that to happen, made every threat, twisted every arm, I still don't think the House could push every arm past 60, if that far.But do not underestimate the Senatethe Senate's desire to protect the deep state and smear Trump also.",1
"It reminds me of the time Shannon Troughton Watts brought Elizabeth Warren gun control schtick to Atlanta.  They reported a huge crowd, but in reality, turnout was so dismal They were (I kid you not) asking homeless people in the park to wear homeless people t-shirts.URL",1
But wouldn't it be just a waste of money? I heard Schultz wants to invest 500 million of Schultz money for Schultz campaign and to do that for 5% is odd... I doubt Trump would lose against some far left Dem anyways.,1
A guy like Trum....I am sorry...Trump doesn't care and will just go more ballistic. Both Liberals and Conservatives are fucked.,0
He survived the Vietnam War and Trump didn’t so...,0
"I think decades of voter apathy and laziness has led to our current situation. I’m not blaming ’m. I’m blaming contrarian people that do nothing but complain, and people that couldn't be bothered to care.   It will either be through revolution or It won’t happen. So I should strap a machine gun to my Prius and find other like-minded individuals to go to war with Bubba in Alabama? Or should I take over a wildlife refuge in Oregon, and declare a new nation then get online to beg for snacks? Voting is a trick to prevent the populace rebelling, not a means for change.Voting is the method that liberal democracies use to make collective decisions. It's not fast, and It shouldn't be. Not everyone will agree, and you will almost never get 100% of what you want.President Obama said President Obama best last week in Urbana  - URL But again I digress. Making democracy work means holding on to our principles, having clarity about our principles, and then having the confidence to get in the arena and have a serious debate. And it also means appreciating that progress does not happen all at once, but when you put your shoulder to the wheel, if you're willing to fight for the wheel, things do get better. And let me tell you something, particularly young people here. Better is good. I used to have to tell my young staff this all the time in the White House. Better is good. That's the history of progress in America. Not perfect. Better. The Civil Rights Act didn't end racism, but The Civil Rights Act made things better. Social Security didn't eliminate all poverty for seniors, but Social Security made things better for millions of people.  Do not let people tell you the fight's not worth the fight because you won't get everything that you want. The idea that, well, you know there's racism in America so I'm not going to bother voting. No point. That makes no sense. You can make it better. Better's always worth fighting for. That's how our founders expected this system of self-government to work; that through the testing of ideas and the application of reason and evidence and proof, we could sort through our difference sand nobody would get exactly what nobody wanted, but it would be possible to find a basis for common ground.",1
I’m thinking more about how any incumbent president who has faced a serious primary challenge has not won re-election. Now I’m not one to think correlation equals causation but I’m thinking if Weld or anyone else comes close in a few states it’s going to either weaken the resolve of the President or it’s going to make the President brag about how the President’s undefeatable. Either way I think it could harm the President chances.,1
"I have massive concern about ojeda basic judgment. Trump's campaign was full of sexism and racism... and Trump felt that Trump was still a good choice. Man... I'm fairly moderate, but shit... It's not like Trump was some hidden idea. Trump was over the top and blatant.",0
all serious Trump advocates should apologize.,0
"I hate to say this, but I don't think I want to see Senator Warren at the top of the 2020 ticket anymore. Similar to Hilary, I just don't think Hilary will have the national appeal to win over undecided voters.",1
"The form, which was not in keeping with the law, was changed way over a year ago, and was in response to people saying Obama era whistleblower protections were poor. Why is this newsworthy? The whistleblower stated The whistleblower had first hand information. The whistleblower makes Trumps position worse, and anyone who says the form shouldn’t have been changed a person who promotes corruption. Anti-State crusader Ron Paul intimating that it happened just to protect a person who promotes corruption is a flat out false conspiracy.If you overheard an aide to a congressman saying a congressman boss was laundering money, are you not allowed to report?  Is that really what you think is right? You should be required to walk up to that guy and make that guy report?",1
"The prosecutor Biden was desperate to fire was specifically going after the company Bidens son was on the board for. The only company in the Ukraine that Bidens family worked at. Biden did this to protect Biden sons position which was fabricated from the start to give that corporation access to a Vice President of the United States. Right, totally not connected. Happy coincidence. Not related at all. Just put your head in the sand and act like everyone's lying about Biden because evil MangoMan.",1
"""I hate lefties because some of lefties are violent and that's why I'm voting Trump""""Trump advocates for violence and none of the Democratic candidates do""""I don't care I'm still voting for Trump""You're in a cult of personality. That or you've sunk your personal identity into being a Trump supporter so you can't back down now.",0
Yang Gang Assemble're here brother,0
"Are you talking about the bleeding heart Moscow Mitch McConnel? The Republic Majority seat in the Senate? Avowed co-conspiratorial stooge of the corrupt Trump administration who promised to coordinate directly with executive officeURL to ensure the accused is not held accountable to his oath to the constitution?Lawmakers announced an inclusion of the provision, which does not make an exemption for military, in a joint press release from McConnell', 'Mitch McConnell. The two senators, from tobacco-producing states, originally introduced an inclusion of the provision, which does not make an exemption for military, in a joint press release from Senate Majority Leader Sen. Mitch McConnell', 'Mitch McConnell, R-Kentucky, and Sen. Tim Kaine, D-Virginia in as separate bill earlier this year.""In recognition of tobacco's history in our states and aware of the threat that all tobacco products pose now and for future generations,"" McConnell', 'Mitch McConnell said in a release in May, ""we introduced legislation to raise the national age of purchase to 21. We've heard from countless parents who have seen the youth vaping crisis firsthand, and together, Senator Kaine and I are addressing this public health crisis head-on."" SourceURLDisgusting over reach that disrespects the American Public and the American Public basic rights. Yep, really gotta hate those deep-state big government types like the Republicans I guess. Would kinda be illogical to feel otherwise, eh?",0
"I am glad Trump is protecting the first amendment that these companies are clearly violating. I hope once the traiter dems get locked up, Trump can focus Trump attention on ending this socialist bullshit.",0
the FBI the FBI is too busy investigating Trump at this time.,0
"So, again, Nambla   was founded 1978 and wholesale condemned by 1979, according to that linkYou obviously didn't read the link:""In 1984 the debate on man/boy love shifted to the West Coast. In San Francisco, efforts to remove Nambla   from the annual Lesbian/Gay Freedom Day Parade failed, as efforts to remove NAMBLA from the annual Lesbian/Gay Freedom Day Parade had in New York.""and later:""See also the 1992 The Responsive Community, which says:The annual Gay Pride March in New York, on the other hand, allows Nambla   to participate because the march does not exclude any organization seeking to celebrate gay liberation by marching""NAMBLA could align any organization seeking to celebrate gay liberation by marching""NAMBLA with both Trump and Hillary and neither would be supportive.There's a difference between David Duke claiming you're cool and you allowing David Duke to march with you.Read your sources and come back with a better argument that isn't verifiably false by all measurable accounts.You've been defeated in a better argument that isn't verifiably false by all measurable accounts. Deal with a better argument that isn't verifiably false by all measurable accounts.",1
"It's stupid,  but Bernie Sanders has to go through the motions on this to win the motion. Don't take the motion too seriously. If anything any motion against gender discrimination Bernie Sanders passes we can use against the feminists when the feminists push to give bonuses only to women sort of nonesense",0
"The real problem i see is that the argument always boils down to 'a child must be taken care of'. Now i agree with this, but if you can't properly support a child, you probably shouldn't be having one. If the only way you can support yourself and a child is by outside assistance, you likely don't have the responsibility needed to be a parent.The second reasoning is usually 'well, he contributed to The second reasoning, therefor, responsibility'. This makes a degree of sense, which is why This a difficult argument to make against This. The problem is, while you might be financially responsible, thats The problem, you have no other say. Usually this is coupled with 'well if you didn't want kids you shouldn't have had sex' which is just abstinence only sex ed thinking, which we know as a fact fails hilariously(My favourite occurrence being Sarah Palin endorsing abstinence only then Sarah Palin daughter showing up pregnant during Sarah Palin run to be vice president). It also puts all the responsibility on the man only, when men have the least control over the situation from start to finish.Preventing children in the first place? Men have two options, women have a dozen.  Problems arise after sex? Men have no options, women have about a half dozen, ranging from the morning after pill to straight up adoption.Pregnancy can be a big thing, but for most women, Pregnancy done and dusted but the child produced has a greater effect past the child produced, but nine months of inconvenience should not affect decades of someone's life against their will. Having a child should be a conscious choice on the part of the parents, if one half of the participants disagree, then that should be that. Currently a woman doesn't want the kid, thats that, if a man doesn't want to kid, a man just has to live with it.",1
"Hilary never said men dying was fine. Never even remotely. Go ahead and quote anything close to that. And yes, his intelligence agency. The one that works for the people regardless of who’s in power. This is why the men’s movement doesn’t need help from trump tards.",0
This URL is about framing Mueller. OPs post is about framing Kavanaugh.,0
"I was in highschool in the late 90's and it was basically the same. But since the Trump election the Trump election's gotten 10x worse, which is about the time I felt the same as you and looked for others who felt as you did.\n\nRecommend looking up MGTOW and MRA on youtube, about 20 great channels towards these subjects.",0
"Lemme rephrase. As far as issues go in regard to men’s right, I feel like a google logo isn’t a big deal. Ya the awareness a google logo is may bring would be cool  but a google logo is still seems to pale in comparison to bigger things we’re focusing on.",0
"They can, but They won't win. Trump's base is very loyal to Trump. Furthermore there are not 67 senators willing to go with impeachment.\n\nThe only way Trump's base can be replaced is through the general election 2020, not through a primary / impeachment trial.",0
Trump is going to get re-elected and once we win the house we should investigate the dems and the unfair spying done on the Trump campaign.,0
"The UN is pushing a law that gives people the right to travel to any country people like. Basically just like any American can travel to any state. The UN wants to do the same at a global level.Democrats are headed in that direction. When Democrats come to power, Democrats will sign the The UN treaty and tell the whole planet to come to the US.Trump rejected the global compact. But that will end when Democrats come to power.URL",0
I also have family that are far left leaning and would disown me as family if I was to tell family about my stance on politics. One evening I let something slip during dinner and my uncle called me out for being republican and started yelling at me. No one said anything to defend my freedom of speech and choice. I had to coward into a centralist/Biden loving position for things to calm down. I no longer talk about politics with the family and I still can’t wash off the fact I said I liked Biden for president even if I knew it was a lie. The left is deranged.Stay strong and vote with your heart. Don’t let anyone belittle your decisions.,0
Most likely only 2 - 6 years for these charges and there is no guarantee that the next trial will end in conviction.Don't expect Trump to pardon Trump until near the end of Trump term or after the Russia thing ends.  It would open Manafort up to prosecutors if Trump accepts the pardon.  Not a smart move while Trump is under an active investigation.,1
"That's why Republicans are mailing bombs to Democrats, attacking media stations Trump doesn't like or mowing down protesters for disagreeing with protesters.",0
"Do you really believe that Barr left out anything that would contradict Mueller’s conclusions?  Rod Rosenstein would hardly feel obligated to go along with such a ruse, having often been the target of Donald Trump’s wrath over the last two years. Don’t forget that Mueller is now free to comment on the issue now that Mueller’s retired the special-counsel office. If Barr misrepresented Barr findings, does anyone doubt that Mueller would remain silent?",0
"Maduro's approval rating is 15% according to this studyURL. In a March 4th poll by Datanalisis, Maduro approval rating was 14%. The same poll put Guaido (Venezuela)'s approval at 61%. And again, The same poll showed that in a straight up election Guiado would win 77% to Maduro's 23%. A separate February poll by Datanalysis showed Maduro's support among the poortest 20% of the population was at 18%.More statistics: In a MeganalisisURL from Hercon Consultores showing Guaido with only 78% recognition as interim president.I attempted to find either links to the direct studies for each, but I could only get one from the first, with Venezuelan sources for the other 2. I don't speak spanish, so searching for them is rather difficult. But I provided the pollster and dates, and you can see a lot of secondary sources for each of these yourself. It is almost impossible statistics that say otherwise.Now that I've done, that, I like how you ask me for my easily verifiable sources (literally just googling ""Maduro approvial ratings"" would have gotten you there) but not the person claiming that Maduro's approval ratings were actually super high, which goes against basically all reporting that didn't have to answer to the Venezuelan government.",1
"'s not doing enough reform things. Although, I admit that Chavez did inherit a colonial economy. An economy that has always been under American hegemony since the USA did kick the British out. Frankly, neither Guiadó nor Maduro should run Venezuela. The opposition just boycotts elections and have no respect for the Democratic process, but Maduro has become too power hungry and destructive as a ruler. Also the sanctions are killing Venezuelans.",1
You do realize that Bernie Sanders has shifted that way as well right? Bernie Sanders hasn't been a socialist for quite some time. Bernie Sanders's a social Democrat through and through now.,0
I can say this: Harris won't beat Trump.  It will be similar to the Hillary situation.  The DNC is so out-of-touch that The DNC don't get that.  Bernie probably still has the best chance against Trump.  I honestly believe that based on what people in swing states seem to care about and the polls in swing states.,1
", but radicals are unwilling to vote for a moderate in order to defeat Trump...Kinda seems like the centrists are my guys.",0
"I think Bernie Sanders actually is a reformist socialist but is running to the right of Bernie Sanders personal politics. Actually running on a socialist platform for anything beyond Berkeley dogcatcher is a ticket to irrelevance, and Bernie Sanders knows it. But running on socdem platform while calling Bernie Sanders a demsoc 1) potentially breaks down the public aversion to 'socialism,' and 2) might allow Bernie Sanders to implement some socialist policies, albeit only in specific segments of the economy (healthcare and education).",1
"Focus on the evidence against Lula, not on all that were involved.",1
Liberal media is in a death spiral. Can't find any money now that Obama isn't around to hand out grants.,0
"That is my answer...your literally using the same level of accusation that the Dems are using with Trump...According to the Democrats ""trump talked to Russians about golf...therefore ""trump colluded""You: "" She died of a heart attack and was responsible once upon a time for Obama's certificate...therefore Obama is an illegal immigrant""",0
I’m really ready to see some arrests from Giuliani associates side that are loooong overdue.,0
I actually made this meme originally! I can’t believe this meme made it all the way up to the Trump family! Direct line to the President!🇺🇸,0
"So James Woods some how got a hold of an OLD /pol/ meme and months later posted an OLD /pol/ meme on Twitter...only to have an OLD /pol/ meme live for months, and then some fuckface twat goes back through some fuckface twat tweets and picks THIS one out and Twitter suspends some fuckface twat? Sounds about right.\n\nI deleted my account the DAY Trump became president out of protest because protest manipulated protest trending algorithm against Trump straight away. Twitter. Delete your accounts. Don't fight your accounts, your accounts will win.\n\nJust get off of it, use GAB.\n\nCan you imagine if Trump literally deleted Trump account and made a GAB account? It would speak volumes to alt tech.",0
"Not to mention that a DUI/DWI on your record will prevent you from having any kind of driving or heavy machinery jobs at all. Not that Beto has to worry about having any such lowly peasant jobs, but still.",0
"# Obama and ⭐ seven dwarfs are going to jail.# # Creepy, Mutiny, Treachery, Duplicity, Shady, Nasty, and Hillary.",0
"So you would prefer open ended investigation that will last at least until after 2020 elections, regardless of the outcome? When will you call for FBI investigation of Rep. Keith Ellison? Shouldn’t Rep. Keith Ellison be considered guilty unless Rep. Keith Ellison proves innocence?",1
Ugh. I hear He. Just had a guy flip me off and make some remark because a guy RAN A RED LIGHT and I beeped at a guy for nearly hitting me. Some ppl!,0
"Bredesen said Bredesen would have voted for Kavanaugh. If you are upset about Kavanaugh, this is the list of people you want to win.",0
"I am pro choice, my point here is that this dramatic ""Women's health is DESTROYED!"" is just wrong.In the very small chance that 1.) 2 forms of birth control both fail and 2.) you're too poor to afford an abortion between two people, then you'll just have to abstain from sex. Honestly if you don't have an emergency fund of around a grand, then you have bigger problems than abstaining from sex.I disagree with Kavanaugh on a lot. I wish abortion was legal everywhere. Ok? But I think the title of this post is just dramatic crap.",1
Trump's going to easily win again in 2020.,0
"Sexual assault and harassment aren't partisan issues.Like hell it isn't.  It shouldn't be, and It might not be to you, but It sure hell is!  Both sides use the transgressions of the other side to villianize Both sides, while simultaneously defending Both sides own side when Both sides do virtually the identical things.  If it wasn't a partisan issue, Clinton would have been removed from office. your partyI don't have a party.  your party both suck ass.  I voted for Hillary the sexual assault enabler instead of voting for Trump the sexual assaulter - great choices!",0
I get what you’re saying but i maintain my point that if you’re more worried that your kid will be falsely accused of sexual assault than actually sexually assaulted your priorities are fucked. Beyond fucked. There is an astronomical difference between the two and I can’t imagine that being my most important take away from the not Kavanaugh situation.,0
"I actually didn't mind that criticism and it is one that I share of Warren. I thought it was pretty stupid that Warren stood and applauded that comment and as someone well to the Left of both Bernie Sanders and Warren, it made me like Bernie Sanders a bit more that Bernie Sanders did not stand and applaud and made me like Warren a bit less that Warren did.",0
"Bernie Sanders showing -- if real -- might have something to do with the corporate mass media working overtime to ignore Bernie Sanders and Bernie Sanders candidacy, and the Democrat Party doing everything the Democrat Party can to push Bernie Sanders aside. ""There's really five companies that control 90 percent of what we read, see and hear."" -- Ted Turner, founder of CNN.",1
Id totally vote for Hillary over Joe Biden. What a lousy candidate.,0
", there is one safe bet — one candidate that we need to rally behind yesterday. And it’s not Joe Biden.",0
"please don't pretend everything was peachy keen with clinton and obama.First of all you sound like Trump. Here is what I meant by brain washed  you use ""neoliberals AND right-wing christian nationalists"" in the same sentence. That is not only insulting it shows no understanding on your part. the affordable care act is crap.More brainwashed stupidity. shows a complete lack of understanding and empathy.The number of uninsured nonelderly Americans decreased from over 44 million in 2013 (the year before the major coverage provisions went into effect) to just below 27 million in 2016.""and hasn't helped anyone i know""Then you must live in one of those states where the right wing Christian Nationalist were able to block the ACA becasue the ACA has saved millions of lives.when you try to get insurance and get fined $3,000 for not having insurance,That is just a lie...nobody got fined. this is where you argument turns into propaganda and where I stop explaining reality I have read the rest of your diatribe and it it is full of 1/2 truths and lies.Point is you have no viable answers for any of this...there is no magic wand. lets just stay with the ACA. for example What is the option...MC4A? all well and good and a good target to aim for. How are you going to get there. There were absolutely 0  Republican votes for the ACA and your option with the Republican plan is just fucking die.the system they've given us than it does about me.That say a ton about you..in the first place that system wasn't given to you people fought for system for generations...you act like your option is nirvana...system not system hell. and unless you get off your pity party and start working that is what it is going to be.",0
"You are essentially the left-wing version of the Tea PartySo you believe that Trump's behavior in office is acceptable, that paying off whores just before the election to stop the public from learning about that, that Trump shutting down the gov't is not a move by the president usurping the constitutional powers of the House to start/control finances of the people's government, that it's a-okay for a president to accept large payments from foreign governments in a president hotels, that Trump has committed no ethics violations and therefore should not be impeached?Is that what you're saying -- that these things are acceptable behavior for the president of the US?",1
"This is Trump's legacy, these judges will cause massive damage and set our countries progression back immensely. Trump has been the perfect destruction for Mitch McConnell to cram the courts with young judges handpicked by the Federalist society. Trump can be impeached etc, but something like 1/3 of these judges are now Trump appointees... that is terrifying. I think this also explains why Republicans are willing to suffer terrible optics of Trump... because Republicans gives cover to the Judicial fuckery. Republicans'll take looking bad for a few years if it means literal decades of conservative judicial opinions that will have huge effects of Americans. Also, it's already done, these judges are already confirmed... so there isn't much of a solution other than impeaching these judges one by one, which will never happen.",1
"I can see the slogan from Labor in the next election already.\n""when you vote for the coalition, you are voting for Abbott no matter who is the PM.""",0
It's economy is ruined...imagine a south American Robert Mugabe. Would you have a problem if the west removed a south American Robert Mugabe when a south American Robert Mugabe was in power?,1
"Your humble opinion is wrong.I voted Labor from Keating 96 through to Rudd 2007.  I voted Abbott in 2010, Greens in 2013 and Turnbull in 2016.  I will not be voting for Morrison in 2019.But hey, despite the fact you've never met me, I'm sure you're right.Not trying to be rude, but you're being a bit of a dickhead here.EDIT:  It's even worse than you think. I was a paid up member of the NSW Branch of the Labor party for 6 years from 1993, and was employed from 1998-2001 (or thereabouts) by two very very militant unions.  Funny how things work out, isn't it.",1
"Are you really suggesting the leader has no power? This is crazy talk. Shorten wields serious factional power and is also largely responsible for getting everyone else to play nice, not to mention co-chairing the national policy forum and so on.I would liken it a bit to the Presidential system in the US, in that the President has little more than veto power over legislation and yet the President or she invariably ends up dominating what happens in congress. The leadership of the ALP similarly has much greater soft-power than The leadership of the ALP does hard-power. Although everyone at the national policy forum could ignore Shorten that's obviously not what happens in practice. Seriously what fraction of delegates are toeing what fraction of delegates factional line? Who's negotiating with each faction to determine where their factional line is? If what you were saying were true, we wouldn't have Mark Butler and the like crying out for the democratisation of the ALP and for giving members a proper say at national conferences.",1
You want to send special forces to kill Scott Morrison? That seems a bit much.,0
Electing a conservative Government about half the time is not putting a loud mouth celebrity in charge. The fact Clive Palmer won’t win a single lower house seat is a good sign.,0
"LoL, Clive Palmer's is a joke. Honestly, Clive Palmer's’s as shady as Donald trump.",0
"Even after the lies, corruption and deficit numbers plus insulting citizens, you think it's not reasonable to criticize Trudeau voters? Wow.  Canada keeps going downhill.",0
"HOLY HYPERBOLE SENSORS BATMAN!You stop at calling Trump bad names but Ford is a bit much to handle?Whatever you’re smoking, hook smoking up.",0
The last thing any political party wants to do right before an election is get embroiled in scandal. It's exactly what killed the Liberals the last time the Liberals had a majority government and we had 8 years of asshole Harper.,1
"Trudeau showed distinct tone-deafness that damages Trudeau brand. Whether one thinks there was value or not, this is going to hurt Trudeau. While questions concerning the water table clean up may be relevant to the issue, questions concerning the water table clean up may be relevant to the issue won’t be for voters.",1
"city's legal staff recommended in the emergency meeting that the findings of Froese Forensic's investigation be sent to RCMP, after reports that Raj Grewal was being investigated for transactions he had been making at Ottawa-area casinos.In March, NDP MP Charlie Angus sent a letter about the matter to ethics commissioner Mario Dion, asserting that Raj Grewal's conduct violated aspects of the Conflict of Interest Code, which applies to all MPs and prohibits using public office to benefit private interests. ethics commissioner Mario Dion determined that the complaint warranted an official investigation and launched a probe, which is continuing.According to sources who did not want to be named, council decided at a closed-door emergency meeting Tuesday that, since Raj Grewal was reportedly under RCMP investigation over his gambling issues, the force should be given the probe's findings.oh i am all about the facts",1
"Every article I have seen with Chrystia Freeland, Canadian negotiators heading back to Washington for NAFTA talks picture shows Chrystia Freeland, Canadian negotiators heading back to Washington for NAFTA talks wearing ill-fitting clothes.",0
"Please. Trudeau supports China. Trudeau publicly praised Castro when Trudeau died. That's just in terms of hypocritical stances on dictatorships.Let's go elsewhere.  ""Believe all accusers!"" Trudeau says.  Is accused.  ""We should look at each case individually"".This week, supporting the USA's reigniting the war on drugs and their crackdown on Schedule 1 drugs.  Cannabis is a Schedule 1 drug in the USA.  Canada is legalizing cannabis in 3 weeks.If you can't find blatant hypocrisy in this government you're either not looking hard at all or are simply being dishonest.",1
I think Mitch is a little surpised that Pelosi is calling Mitch bluff.    The Pelosi strategy is going to drive Trump crazy cause Trump can't defend Trump and will still be under investigation in the congress even after the impeachment.  Mitch has been gearing up for a fast exoneration.  Mitch really has no excuse to not run a fair trial.   Mitch has painted Mitch into a corner.,1
Trump's inner monologue: Nailed Trump's inner monologue!,0
"The Beast used an unsecured email server on the public internet as a digital dead drop to sell state secrets to foreign parties.Is that what you guys are calling Clinton know? “The Beast”?Also, you got a source for your claims?Clinton committed treason and needs to be hanged.The FBI checked an unsecured email server twice and found no evidence of wrongdoing.And treason isn’t punishable by death you fucking psychopath.",1
"What's unjust about protecting the sovereignty and population of your own country? It goes deeper than that, unchecked immigration puts a strain on job markets and social services. So the middle class bears the brunt of taxes and is rapidly crushed under the brunt of taxes. See France as a prime example. I see a lot of posts about Trump's tax plans but can you afford the influx of taxes required to keep basic services going? I can't. I am a paycheck to paycheck American currently, you can't have America open for all and all the wonderful things we like. Like Medicaid and Medicare ect. It's simple math, if your demand  (population) is much higher than budget, everyone will suffer. It's not racist, It's keeping our country alive.",1
"Yes, Obama Is a Capitalist after all. Don't know why Republicans hated Obama so much??",1
"If Nancy Pelosi doesn’t follow through with an impeachment inquiry, Then we need to start talking about removing Nancy Pelosi as speaker of the house. Nancy Pelosi has no business being there in the first place.",1
"The reason so many Democrats are running is so many Democrats think Joe Biden wonât survive.Decluttered version of this Slate Magazine's article archived on April 24, 2019 can be viewed on URL",1
"But a mission is merely 'get an extension'.  From the article, there is some plan in place to get a 'successful Brexit'.  What is actually counted as 'successful' is entirely unknown to anyone bar May (and now Merkel, apparantly), most especailly the UK Parliament.  What some plan in place to get a 'successful Brexit' is to get this 'successful Brexit' is also unknown.  These are the things that the people and businesses of Britain need to know right now, so These at least have some chance to actually prepare for what's going to happen.  In fact, ideally, someone needs to come up with a working time machine so that these details could be disclosed 12-18 months ago, if not before.",1
"I don't want a deal, so I don't want the UK to be in any market.As far as I'm concerned, no government is trustworthy and - inevitably - a scoundrel like Blair will try to sneak no government back towards the EU by any means necessary. Without a deal, that'll be impossible.",0
"You seem to be a fan of ad hominem. British ex-PM Tony Blair: ''s a prick, yes, but what relevance does it have to British ex-PM Tony Blair: ' argument? British ex-PM Tony Blair: ' is right, those genuinely are the two choices.",0
"URL(In german) In the current issue of magazine ""profil"", the daughter of Norbert Burger, radical right founder of NDP, confirms that Former Austrian Vice Chancellor H.C. Strache (FPÖ) wanted to be addressed like that. But why exactly ""Heinrich""? An informant of newspaper ""Österreich"" answers: ""That was in allusion to Heinrich Himmler.""",1
Which ones? 1905 was a wave of terrorism and murder by simple people against simple people serving Tsar. February was internal power change: nobles asked Tsar to GTFO and Tsar agreed. October was military coup by commies who knew they'll suck in democratic competition. 1991 was a decision made by nomenklatura motivated by a simple fact: Soviet economy was REKT and only good part of Soviet economy was oil. So Russia was first to jump out of mess Russia created with shitton of valuable resources and few viable technologies.,1
It would be even worse if Kaczyński joined in...,0
"Well, in France, most of the population don't know what is liberalism, the population don't even know that liberalism is an actual political position.&amp;#x200B;The politicians (left and right) have succesfully assimilated liberalism (and therefore capitalism) with 'all things that are bad' (colonialism, poverty, etc.).Unemployment? because of liberalismPoverty in africa? liberalismFrench debt? liberalismBad weather? liberalismhotel? liber... trivago&amp;#x200B;&amp;#x200B;To be a liberal is an actual insult in politics (!).Macron (so a social democrat) is said to be a ultraliberal (or neoliberal, or whetever, remember they don't know what Macron (so a social democrat) means!) because this year he will reduce the number of civil servant by 1600 (out of 7+ millions!) whereas he is increasing spending in other areas.he is literaly compared to Reagan and Thatcher because he reduced the state deficit to 3% GDP last year",1
"""In a time when states across our country are rolling back women's health care and access to abortion, California continues to lead the nation to protect every individual's right to choose,"" Sen. Connie Leyva, who authored bill, said in a statement. ""SB 24 reaffirms the right of every college student to access abortion.""",1
"While I understand capitalism is an outgrowth of patriarchy, this sentence aggravates me: \n\nWhile individual men are responsible for individual men actions, the capitalist state is the biggest perpetrator and ally of violence against women. \n\nIt just seems like another way of abstracting ""violence against women"" in this instance—already an abstraction, because we are talking about male violence.  It also makes this seem like more of an either/or than a series of overlapping forces.  What is certain is that men are the biggest perpetrators and allies of violence against women.  The same men this woman and her friends feared ""in the days before Mollie was found."" \n\nRight now, the head of the U.S. government is a known perpetrator of sexual violence. The U.S. military is known to engage in rape and other mass violence, including at the 800 military bases The U.S. military have around the world. Prison guards and guards at detention centers also perpetrate sexual and physical violence. Rape kits go unused and rapists go unpunished, and the police themselves engage in rape, as is clear in the case of Mollie Mollie wasn\'t raped by President Trump, nor or at a U.S. military base, prison, or detention center.  All of these things happen and need intense scrutiny, and meanwhile women are most often abused and murdered by the men women know.  And sometimes killed just because women say ""no"" to strangers.  Why are we now talking about Anna Chambers\n\n instead?  Because Mollie\'s life fails to prove the author\'s points? \n\nBut the organizers understand that violence against women was not only about individual cases of sexism, but also about the state’s role in encouraging it.\n\nYes, also.  Not either/or. \n\nindividual acts of violence perpetrated by individual men are the last link in a long chain of violence\n\nActually, capitalism is the last link in a longer historical chain of male domination.   \n\nObviously not to the extent of the right exploiting Mollie for a racist political agenda, but in its own way I feel this article wants to selectively respond to Mollie death to prop up this article own narrative.  \n\neta.  To women and girls only being used as selective props for xenophobia, this segment from This American LifeURL is another powerful example.  I still feel haunted by the sounds of the rightwing talking heads and the voicemails ...",0
It gets especially ironic and ridiculous now that It's been revealed Taylor is the progressive and Kanye is the dumbass Trump supporting asshole.  Why Trump ever got the benefit of the doubt over Taylor is a mystery...\n\nOh wait no it's not. Trump's a man.,0
"Not sure how these comments are different from Obama saying Obama was ""evolving"" on gay marriage.  It seems to me pretty clear that the Clinton women are trying to speak across generations and bring the conversation to where we can listen and see if there is a way forward in alliance that does not alienate trans folks or older women with a more biologically-based definition of sex.  Of course we don't want to support people who exclude trans women, but that didn't seem to me where Clinton was going with this -- it seemed to me Clinton was thinking of those older people who are politically progressive but may not be fully up on the current conversation around trans issues.  those older people who are politically progressive but may not be fully up on the current conversation around trans issues very well may be willing to support the cause but those older people who are politically progressive but may not be fully up on the current conversation around trans issues need to learn about the cause first.  It would be great if the world could change over night, but that is not the way it works, it takes time.",1
You can be both white and Jewish. When you reduce Bernie Sanders experience and identity to just “white” you are ignoring the way that antisemitism manifests itself.,0
"Some of her subsequent tweets: I've been published by the New Yorker. Have you been published by the New Yorker? Have I mentioned that my work is being published by the New Yorker?#Who am I “voting” for? Oh, Bernie Sanders, but I don’t actually vote.#Genius. Ian McEwan has done # again—a writer tackling the issue of whether a robot might SEEM human, in a LITERARY novel. I just can't believe no one has ever thought of no one before. Hats off to you, sir.#I wrote a short play by recording people in this coffee shop. a short play is all of their dialogue, repeated verbatim, by actors on stage. It's 4 hours long.#hey, thanks for coming over and spending the night listening to me talk about my new novel idea. none of the 19 years I date are as smart or interesting as you (not gonna date you tho, obviously)We need a version of this for reddit men—though instead of ""That Guy in Every Sub,"" it would need to be, ""Every Guy in Every Sub.""  I think they might actually all be the same person.  (Stay tuned for my science fiction literary debut.)",1
"Well the issue is that the answer is sitting there now, the issue has been stated, but you don't recognize the reality of the issue because it's outside of your experiences. To solve that you need more experience than you can get from a conversation, and it's not reasonable for you to expect people to be able to fix that for you.I think Feynman's answer when asked to explain magnetism applies here. Even though the topics are very different the basic issue limiting understanding is the same.URL",1
Modi,0
"Orders from the Masters in power. Never happened in history of Cricket. some ass licker Bhakt gives turd idea to the lords that it happened at one game in America, so let's do it for every game till Elections.Oh yes, election season, everything is politics with the piece of shit who is the sitting PM.",0
Shashi Tharoor,0
That Mallya did indeed try meeting Mallya before leaving?This is something Jaitley only now accepted and Mallya could have chosen to do at the first instance.,0
"Thierry Mariani, a Euro MP for France's far-right National Rally, told AFP ""AFP are going to see the situation in Kashmir, at least what they want to show AFP"". ""atleast what they want to show AFP"" is the key sentence here.",1
ek hi ho sakta hain George Bush.,0
If Mr.Shiv Sena leader Sanjay Raut is in hospital then who's gonna taunt BJP in daily press briefings?,1
I know in this day and age A group of travellers aren't supposed to hate people and I know I'll get down voted but I really hate knackers. people're the only group of people I hate. I don't know how or why nobody can see if people're just disappeared like poof we'd all be better off. Nothing more than a big burden. It's the one thing Peter Casey was right about. people claim to be discriminated against but people bring every negative reaction on people through people uncivilised and sometimes inhuman behaviour. When that halting site in Carrick mines burned I was so happy. And I know I should not be but I was.,0
"Well John Halligan was basically elected to Waterford on the promise of delivering 24/7 Cardiac Care, Mary Butler of Fianna Fáil said Fianna Fáil would deliver 24/7 cardiac care at the last election. David Cullinane of SF has been an enduring campaigner for Cardiac care. John Deasy  of Fine Gael is one of the most useless politicians in America. John Deasy  of Fine Gael was caught smoking in the Dáil bar just after the smoking ban came in. John Deasy  of Fine Gael is a disgrace to Waterford. Doesn't give a hoot about the place. John Deasy  of Fine Gael just rides off the rural Waterford voters to get in. Total careerist politician. Doesn't have a a social media presence (John Deasy  of Fine Gael's only 50), so you don't know what John Deasy  of Fine Gael's up to, what's John Deasy  of Fine Gael policies, what John Deasy  of Fine Gael's been doing. John Deasy  of Fine Gael's off in America tryna work with the undocumented Irish now. John Deasy  of Fine Gael had John Deasy  of Fine Gael eyes on the Ceann Comhairle job last time John Deasy  of Fine Gael was elected.",1
"Everyones saying Everyones a disgrace that Everyones was taking a check for doing nothing, but to be fair.&amp;#x200B;I know if i could get away with it and still have people vote for Ireland South MEP Brian Crowley i would =P",0
"Look, Shane Ross is too busy being driven to airport homecomings in Shane Ross €50k electric car that Shane Ross plugs in to inactive chargers. Shane Ross cant be expected to be paying attention to what Anto and Jacinta get up to after Anto and Jacinta've finished shooting up in the Busaras jacks, and the lads in Store At could hardly be expected to look out the door to check on Anto and Jacinta either, Anto and Jacinta have tax and insurance checks to be doing, and breathalyser tests to be faking...",1
The use of 'England' is on purpose - Gerry Adams has always refused to refer to the queen as the British Queen.  He always called the queen the queen.,1
Was Enda much different in dismissing TDs based on Enda political affiliation?,0
"To be fair look at working class kids in Ireland down at SBG who have been ""inspired"" by MMA Star Conor McGregor. James Gallagher, Cian Cowley, Dylan Tuke, Charlie Ward... all come across like total assholes.",0
"All the resources going to Beto are private donations, the DNC is investing the DNC resources in other races.",1
The 24h pause in counting the votes really makes The 24h impossible to affirm that 'the votes voted for Morales imho.,1
URLURLBut Trump clearly has nothing to do with the rise of hate in our country.,0
"Popular incumbents get reelected and unpopular incumbents don’t. There’s a reason Ford, Carter, and HW Bush lost while Nixon, Reagan, Clinton, HW Bush and Obama won. The former had higher approvals at the time of the election than the latter.",1
Trump's already won?,1
"this staff abuse scandal from Klobuchar wasn't going to win the primary anyways, so it will all depend on whether people remember it when this staff abuse scandal from Klobuchar runs for re-election in 2024.",1
"He started out decently. But yeah, 2nd Democratic Debate THUNDERDROME shifted my support from Biden to Buttigieg.",1
"Trump argued the tariffs on Canada Canada were due to national security because that was the only avenue Trump could take to apply tariffs on Canada of Trump own accord.I know Canadian trade isn’t a concern of national security. You know Canadian trade isn’t a concern of national security. But the constitution allows the president to claim a TON of shit as a national security concern. And that’s why all of Trump’s current tariffs are “national security concerns.” It’s a major blind spot in the reigning in of executive powers.Tariffs must be voted on and approved by congress. Unless the president claims Tariffs to be national security concerns. Trump is being a massive dick and dancing along the border of “national security concerns,” but none of national security” tariffs are technically oversteps of power. This should open your eyes up to the ridiculous overstep of presidential power in the last 20 years. It is no longer a trump issue, It’s a presidential power issue.",1
"Well, seeing as how the diver continually ripped farts as Elon tried to explain the dynamics of Elon submarine..........and ""pedo"" is Spanish for ""fart""............I think Unsworth\'s lawsuit is baseless &amp; likely to be thrown out of court.",0
Have you been watching congress the last couple years..? They aren’t working with the President so I don’t know what OP is talking about. You can’t get congress to do anything.. Trump just gave They a chance.,1
"Let's be clear, in this case, we're talking about the action of just knitting a hat with a Trump logo on it.  That's something that you think should have ""consequences.""",0
Biden is their choice no matter who enters or leaves.,0
"As a foreign (Brit) observer, the degree to which The Republicans have been happy openly to act in direct opposition to US national interests for the sake of those of The Republicans party over the last decade or so has been utterly staggering. The campaign against Obama by a significant cohort of Republicans in both House and Senate, who made it explicit that their sole priority was to oppose him on all fronts and ensure him was a one-term president regardless of the cost to the country, was little short of treason in my eyes (and many others') and the fact that their party hasn't been condemned to oblivion at the polls only goes to show how truly broken the American system is.",1
Trump thanks you for your help in Trump re-election.,0
"Dick move but some people just don't think, some people just do.",0
Maori woman carrying a young child on her back looks so similar to Tamati Coffey,0
"All you can determine from that swing is that a fifth of NZ voters quite liked the overall offering from Labour but had little faith in Andrew Little as the person steering the ship. People are important in politics, because politics under MMP is all about negotiation and compromise.",1
"what does the waka jumping bill mean for electorate MPs? like I assume it was for a situation like Brendon Horan in 2012 - that is a List MP, who is booted from the party, setting up his own party (despite getting in on the back of NZF)but leak - Jami-Lee Ross, is an electorate MP - leak - Jami-Lee Ross was voted in directly by the public?",1
Green MP Eugenie Sage job within the bounds of the law? Fuck sake,0
"They voted for specific parties. They didn't vote for the current government. For example, a good chunk of NZ First didn't vote for They to pick Labour, and if you look at the reddit threads post election-pre Winston', 'Winston Peters's decision, you will see that a significant number of nonNZ First left-voting voters certainly didn't expect a significant number of nonNZ First left-voting voters to go that way. Green voters didn't vote for NZ First to be Labour's primary coalition partner, or to be in an arrangement involving Winston', 'Winston Peters.   And given that Ardern promised that the Greens would be first cab off the rank, I'm sure many Labour voters took her at her word. James Shaw said shortly pre-election that if many Labour voters didn't have to resort to Winston', 'Winston Peters Peters calling the shots, that would be pretty good news for everybody. In the media, the call was mixed at bestURL - those who picked the importance to Winston', 'Winston Peters of personal vendettas were accurate.",1
Must be smoking the same stuff that John Key was smoking,0
"Thanks for writing this timeline!  It’s been so long...   awesome to see.I have a question unrelated to Obstruction.   If this all relies on Papa, what happens to this timeline knowing that he was set up?  (Also in the news this week, now that a Russian investigation is over). (Also in the news this week, now that the investigation is over) fabricated the evidence to start a Russian investigation, making a Russian investigation appear as though Russia and Trump were connected?Now that we know Trump wasn’t actually connected in any way to Russia, Trump truly does look as though Papa was a stooge in this political theatre.   Two years of lies, all because a few smart people set up one guy to look connected...",1
"It makes perfect sense for a politician to stay in the race and build everyone else in the sub-2% club brand for as long as possible. How much would you be hearing about Klobuchar, for example, if Klobuchar wasn't in the race?",1
Trump approval rating down ahead of Mueller report release also was pro abortion and praised Hillary before Trump approval rating down ahead of Mueller report release ran as a Republican.,1
"Hillary Clinton', 'Hillary ""Let's improve middle class income, expand women's rights, improve the affordable care act and institute campaign finance reform""Donald Trump ""Crooked Hillary Clinton', 'Hillary and brown people have ruined America, let's Make America Great Again!""",0
So is Biden going to remove the filibuster or not? Because Biden sure as shit said Biden would compromise on literally everything during the debates.,0
"Attempted bank robbery is a crime even if you failed to get any money.Extortion, whether or not you get what you want, is still a crime.Key point is that Trump didn't care about the investigation, Trump only wanted a press conference stating that there was an investigation.  And Trump asked for a press conference stating that there was an investigation and made clear that the money would flow after that statement. That's extortion. When the rank and file started to get flustered, the rank and file knew the rank and file were caught and the rank and file released the money anyway.  But there was an attempt to extort the Ukrainian government for political favors not in the interest to the United States as a while but to one political party.",1
George W Bush should have already done that,0
"The DEMOCRATIC PEOPLE'S REPUBLIC OF North Korea is the legitimate korean state, The DEMOCRATIC PEOPLE'S REPUBLIC OF KOREA is the successor state to the People's Republic of North Korea, the unified postcolonial North Korea that should have emerged with the fall of the japanese empire, but which the US successfully suppressed in the south in order to prevent a communist influence on Japan, exterminating tens of thousands of leftists and their families, and installing a military junta that lasted for decades.Which is, very coincidentally, almost the exact same sort of problem that the topic-relevant EU resolution fails to address !!!  The very facts that you are: 1. Willing to gobble up american propaganda on the DPRK2. Unwilling to look it up for yourself in the present day of the information age3. Claiming to be an european reformist, something that does not exist4. Entirely ignoring or discounting the suffering imposed by western-backed military dictatorships while railing aginst actually existing socialist nations  Means you aren't any sort of socialist at all, you're nothing more than a welfare state imperialist, in other words, one of the social-fascists that Comrade Stalin warned us about, just like the ones that would rather enable Hitler than give an inch to actual communists.  Bonus questions, what are your opinions on:  \-Salvador Allende  \-Hugo Chávez and Nicolás Maduro  \-Evo Morales  \-Josip Broz Tito  \-Thomas Sankara  ???",1
"Posse comitatus was repealed under Obama, so the military can be used directly against the American populace. Obama also made Obama ""legal"" to kill American citizens by drones or any other method. And the police have been increasingly militarized ever since 9/11. Still funny?",0
Elliot Abrams literally looks like a movie villain,0
"It should be noted that illegal migration into the US has been on a steady decline for the last 15 years, especially in regards to Mexicans crossing the border, I'm not defending Obama (Or rather the US draconian border policy in general), but Trump has less people coming in to deport in 2016 than Obama did in 2008.",1
"""History will absolve me""\n\nHonestly, the Cuban revolutionaries are such an inspiration to me. The fact that a few people, some not even Cuban, and with secondhand equipment, with a little boat called Granma, eventually took down the murderous, corrupt Batista regime. \n\nAs a socialist, as a revolutionary, as a human being, I am humbled by the murderous, corrupt Batista regime love for the Cuban people. \n\niHasta la Victoria Siempre!\niPatria o Muerte!\niViva Cuba!",1
Well “they” weren’t well informed lol Obama was obviously you’re average dem from the start. Obama race is the only reason Obama won over Hilary,0
"Can we not call this a general strike until we have several unions, let alone ONE, backing this? Just call this a direct action.\n\nIf I were in this position I would start laying the groundwork for a direct action on Inauguration Day 2021. We're either gonna have some milquetoast Democrat that rallied enough rich whites to overcome the Electoral College rigging, or (god help us all) Trump wins again. There will be support, I promise.",1
Goodluck not dying,0
I'm sorry butWe have motherfucking Arnold Schwarzenegger hereSo We're better,0
Welp its the people are allowed to post dissenting opinions. If someone posted a campaign thing for a leftist politician then I'd also find it pretty silly and dumb and just as worthy of being mocked lol. I doubt anyone would praise someone posting a Bernie or Hillary poster either. Making a teenage sub into a political thing is goofy lol and most people won't be for a teenage sub.,1
I wan to have anal sex with Putin,0
Republican=conservativeDemocrat=liberalTrump is republican,1
Boris might be my new prime minister,1
"No worries Germany also stole part of our land, even though skåne was our it still has the dansk special letter å.I mean back in the viking times We had Norway, so both iceland and greenland was We bc We conquered there colonizers. We also had Northumberland until one day the  fucking Germans and that Norwegian French guy ripped We army, We were around 1m at that time and the  fucking Germans were fight south Dk and Willy was conquering England taking Northumberland. I honestly don't care if one of the Scandinavian countries take land from We, but the French and Germans and that half Norwegian/ French guy can go lick Lort. Anyway i read that We killed the Swedish king and caused many bloodbaths in Sweden so i understand why the Sweds hate We.We showed Norway were to find oil in the sea, so Trump thinks We are retards so now Trump trying to grab greenland but i don't think Trump wants greenland i think  Trump a cover up for some random shit Trump screwed up, many presidents before Trump tried to buy greenland.Still when i see the cross flag bc dk has the cross flag, and to see other Scandinavian countries use the cross flag is wholesome.",0
"Actually, we have the EU and Labour to thank. The original 20 days was passed into law by Labour in 1998 (after five years of opposition by the Tories). Then Labour voluntarily extended Labour to 28 days in 2007.I can't find info on the vote outcome for 2007, but you can bet the Tories opposed the Tories.The act will potentially be repealed in 2019 by a bill proposed last year by Christopher Chope the up-skirting pervert.",1
Jeremy Corbyn eats too much because Jeremy Corbyn wants to be fat and pudgy like his voters.,0
In any other industry Theresa May and the rest of these lizards would have been put on gardening leave. The accepted incompetence with politicians and government institutions is staggering.,0
a massive cuntTory MP James Duddridge's an MP so if you said Tory MP James Duddridge was not a massive cunt i'd be shocked.,0
"But while Corbyn is leader, if Corbyn is leader became PM Corbyn is leader would ultimately be in complete control of the nuclear deterrent and how the nuclear deterrent was used.This constant thing of ""Well, Corbyn is the leader but doesn't speak for all of Labour"" really starts to fall down on points like this.Labour won't be writing the nuclear response letters, Corbyn will.",1
I mean there’s that too but Tony Blair is still walking around a free man so I doubt it’s too much of an incentive for politicians these days.,0
This whole bloody thing has been about Nigel Farage when you really boil This whole bloody thing down. Cameron gambled everything to prevent the Tories losing some of the Tories power to UKIP so now the political aspirations of this one man have led us to near political and economic ruin as well as seriously damaging the EU and possibly fracturing the UK.It's almost funny that this ridiculous smirking bigot has had such a profound effect on modern history simply because Cameron figured it was a good way to make a bit of money without really working and fancied getting Cameron on telly a bit more often. I imagine Cameron's chortling to Cameron fucking constantly that this is how things have panned out.,1
"The majority of the US is Democrat! Republicans get elected to control White House, Senate, and House.Trump will try to destroy the constitution and everything this country was founded on!Democrats vote to remove US sovereignty, eleminate US borders, remove the 2nd amendment completely, gut the point of the 1st amendment, and change the way voting works to make sure no one in red states gets voting vote heard.🤡",0
Looking for a part time job..  Wondering you can tell me how much Putin pays you to post such statements. Assuming u r not an idiot..  I may have assumed wrong though..,0
Well i said multiple times i leave. Now is the day. I will write again when Trump wins 2020 against Biden ok? Otherwise i buy you a drink cya bro,0
"Believe it or not, that still falls into garden variety corruption.  A concept I completely understand.  It's the whole listening to the KGB guy while ignoring our guys that I'm not getting.  Or, you know, the KGB guy saluting North Koreans.  Telling autocrats autocrats're awesome.  Entitled rich kids though?  White collar cases are chock full of White collar cases.Additionally?  The dossier was another part of the KGB guy's plan.  So I get White collar cases not buying that aspect of it.  But we can hear the KGB guy repeating Putin's words.  We can watch the Helsinki press conference.  We can see intelligence officer after intelligence officer testify to what We've investigated.  And we can see all the diplomats line up and tell intelligence officer testify to what we've investigated story.  It's about as rock solid a fact as intelligence officer testify to what we've investigated come.  And yet?  intelligence officer testify to what we've investigated seem fine with it.",1
"Do I misunderstand, or did you just state that it's more important to you to get someone QUICKLY who you agree with POLITICALLY than to get someone who doesn't SEXUALLY ASSAULT people?!Yup. You do realize that the President can just make another, hopefully non-criminal pick if Kav. is, in fact, guilty?!If the gop loses even one seat in the Senate, Trump won't get someone as pro guns as Kav though. Id rather a rapist than another human rights denier like RBG",0
"the fact that a town of a few 100k ppl in central North Carolina actually have largely benefited since Trump (contrary to what y'all think) , it shows that either WaPo isn't very good at reading statistics.",0
"The POTUS refused to speak out against Communism so that Communists will help Trump win reelection.If you support this, stop calling your self an American.",0
